decided,start,end,years,risk_free,common_months,expected_arith,expected_geo,vol_model,vol_calibrated,realised_ann,realised_arith,realised_vol,error,z_calibrated,z_model,within_1sd_calibrated,within_1sd_model,run,risk,mode
2021-09-27,2021-09-28,2022-10-11,1.0349075975359343,0.0020569493304460895,45,0.016519,0.014850775677999998,0.057762,0.066426,-0.18622084120649862,-0.20065804470969384,0.10934076377295136,-0.20273984120649863,-3.1049298207148013,-3.570653167667348,False,False,Risk 3 (bands),3,bands
2022-10-10,2022-10-11,2023-10-09,0.9938398357289527,0.003191368817840212,40,0.016581,0.014654843755499998,0.062067,0.071377,0.07342445128693575,0.07217532931953051,0.048822561438171166,0.056843451286935756,0.7939265914812891,0.9130149406312529,True,True,Risk 3 (bands),3,bands
2023-10-06,2023-10-09,2024-10-03,0.9856262833675564,0.04079231114554949,52,0.048334,0.047034111928,0.050988,0.058636,0.12692615160292875,0.11944644228125496,0.037502099008162426,0.07859215160292875,1.3306718832499305,1.53026744618818,False,False,Risk 3 (bands),3,bands
2024-10-02,2024-10-03,2025-09-30,0.9911019849418207,0.05190912855466712,64,0.05859,0.057550046382,0.045606,0.052447,0.07465783030984441,0.07299810827948953,0.04602038865488464,0.016067830309844405,0.30499713386327654,0.35074737270813633,True,True,Risk 3 (bands),3,bands
2025-09-29,2025-09-30,2026-09-25,0.9856262833675564,0.049422752745222454,75,0.056643,0.0556697569195,0.044119,0.050737,0.07120688277517684,0.06984501708076479,0.04357361616322213,0.01456388277517684,0.2849761587486406,0.32772355145016374,True,True,Risk 3 (bands),3,bands
2021-09-27,2021-09-28,2022-10-11,1.0349075975359343,0.0020569493304460895,45,0.016519,0.014850775677999998,0.057762,0.066426,-0.19052275137351893,-0.2059515141609548,0.10950293281115613,-0.20704175137351893,-3.170812920376563,-3.646418390099608,False,False,Risk 3 (calendar),3,calendar
2022-10-10,2022-10-11,2023-10-09,0.9938398357289527,0.003191368817840212,40,0.016581,0.014654843755499998,0.062067,0.071377,0.07315974623980637,0.07192535878008419,0.048764917554774606,0.05657874623980637,0.7902294835285278,0.9087632694638976,True,True,Risk 3 (calendar),3,calendar
2023-10-06,2023-10-09,2024-10-03,0.9856262833675564,0.04079231114554949,52,0.048334,0.047034111928,0.050988,0.058636,0.12503306683314963,0.11774699806595577,0.03673580393423576,0.07669906683314963,1.2986193866026714,1.49340720076948,False,False,Risk 3 (calendar),3,calendar
2024-10-02,2024-10-03,2025-09-30,0.9911019849418207,0.05190912855466712,64,0.05859,0.057550046382,0.045606,0.052447,0.07661840176285262,0.07480663904385394,0.04574185156546855,0.018028401762852614,0.34221240576811496,0.3935450170004018,True,True,Risk 3 (calendar),3,calendar
2025-09-29,2025-09-30,2026-09-25,0.9856262833675564,0.049422752745222454,75,0.056643,0.0556697569195,0.044119,0.050737,0.06996478454035193,0.06863971846241118,0.042570522596648855,0.013321784540351933,0.26067162477146627,0.2997732547435319,True,True,Risk 3 (calendar),3,calendar
2021-09-27,2021-09-28,2022-10-11,1.0349075975359343,0.0020569493304460895,45,0.021772,0.019128773368,0.072708,0.083614,-0.16365007046467994,-0.17170794470017486,0.12256550748915711,-0.18542207046467996,-2.255969447515787,-2.5943586590827006,False,False,Risk 5 (bands),5,bands
2022-10-10,2022-10-11,2023-10-09,0.9938398357289527,0.003191368817840212,40,0.021734,0.0189094872,0.07516,0.086434,0.07336146259572152,0.07291913540098308,0.0632053272178887,0.05162746259572151,0.5954624351624497,0.6847818004368171,True,True,Risk 5 (bands),5,bands
2023-10-06,2023-10-09,2024-10-03,0.9856262833675564,0.04079231114554949,52,0.052509,0.0505820988795,0.062079,0.07139,0.15404390862402928,0.1437742396089596,0.05286479266728998,0.10153490862402928,1.4119981848850316,1.623778579212655,False,False,Risk 5 (bands),5,bands
2024-10-02,2024-10-03,2025-09-30,0.9911019849418207,0.05190912855466712,64,0.062605,0.061179860727999996,0.053388,0.061397,0.10383822727292147,0.1008834473353901,0.06591281627316918,0.041233227272921474,0.6685891888891344,0.7688875857913049,True,True,Risk 5 (bands),5,bands
2025-09-29,2025-09-30,2026-09-25,0.9856262833675564,0.049422752745222454,75,0.061876,0.060336318968,0.055492,0.063816,0.10200932831189324,0.09902331466879585,0.05880690539987153,0.04013332831189324,0.624355205420881,0.718010736487042,True,True,Risk 5 (bands),5,bands
2021-09-27,2021-09-28,2022-10-11,1.0349075975359343,0.0020569493304460895,45,0.021772,0.019128773368,0.072708,0.083614,-0.16591256666475218,-0.17436729606423668,0.12301806578873355,-0.1876845666647522,-2.2834964958854456,-2.6260146889883593,False,False,Risk 5 (calendar),5,calendar
2022-10-10,2022-10-11,2023-10-09,0.9938398357289527,0.003191368817840212,40,0.021734,0.0189094872,0.07516,0.086434,0.07518961310965966,0.07460880221855473,0.06295949484656872,0.053455613109659655,0.6165480144673545,0.7090302166374576,True,True,Risk 5 (calendar),5,calendar
2023-10-06,2023-10-09,2024-10-03,0.9856262833675564,0.04079231114554949,52,0.052509,0.0505820988795,0.062079,0.07139,0.15310103100867622,0.14290773407903296,0.051828407010322444,0.10059203100867622,1.3988860296717243,1.608699780252008,False,False,Risk 5 (calendar),5,calendar
2024-10-02,2024-10-03,2025-09-30,0.9911019849418207,0.05190912855466712,64,0.062605,0.061179860727999996,0.053388,0.061397,0.10624555131320323,0.10302824709354423,0.06542636258774057,0.04364055131320324,0.7076235049961904,0.8137776342296229,True,True,Risk 5 (calendar),5,calendar
2025-09-29,2025-09-30,2026-09-25,0.9856262833675564,0.049422752745222454,75,0.061876,0.060336318968,0.055492,0.063816,0.09966355738811328,0.0968650146508021,0.058407526796509714,0.03778755738811328,0.5878619877239837,0.6760434046095606,True,True,Risk 5 (calendar),5,calendar
2021-09-27,2021-09-28,2022-10-11,1.0349075975359343,0.0020569493304460895,45,0.026273,0.022476397339500003,0.087139,0.10021,-0.1280609828844469,-0.12811509581697106,0.13661357958515252,-0.15433398288444689,-1.5667557225104396,-1.8017717778809847,False,False,Risk 7 (bands),7,bands
2022-10-10,2022-10-11,2023-10-09,0.9938398357289527,0.003191368817840212,40,0.026387,0.0224882900955,0.088303,0.101549,0.08090687676093467,0.08102362306894498,0.0785700482563914,0.054519876760934664,0.5352262617100385,0.6155135346521942,True,True,Risk 7 (bands),7,bands
2023-10-06,2023-10-09,2024-10-03,0.9856262833675564,0.04079231114554949,52,0.055947,0.053449310157999995,0.070678,0.08128,0.18737165349106877,0.1728451831612669,0.06585578860485942,0.13142465349106877,1.6052744144921005,1.8460723904173562,False,False,Risk 7 (bands),7,bands
2024-10-02,2024-10-03,2025-09-30,0.9911019849418207,0.05190912855466712,64,0.06678,0.0647270690355,0.064077,0.073689,0.1324224754989416,0.12813901279951476,0.08805557469740048,0.06564247549894159,0.886832214741024,1.01986327499807,True,False,Risk 7 (bands),7,bands
2025-09-29,2025-09-30,2026-09-25,0.9856262833675564,0.049422752745222454,75,0.067847,0.06504962959800001,0.074798,0.086018,0.1351101070209726,0.1298379564358484,0.07610718488763182,0.06726310702097259,0.7763252679928776,0.8927771718790789,True,True,Risk 7 (bands),7,bands
2021-09-27,2021-09-28,2022-10-11,1.0349075975359343,0.0020569493304460895,45,0.026273,0.022476397339500003,0.087139,0.10021,-0.1305836081379722,-0.13102739668537433,0.13655388479967698,-0.1568566081379722,-1.5923647133356769,-1.8312221614130086,False,False,Risk 7 (calendar),7,calendar
2022-10-10,2022-10-11,2023-10-09,0.9938398357289527,0.003191368817840212,40,0.026387,0.0224882900955,0.088303,0.101549,0.08271848449457853,0.08263172041186029,0.07767316975894557,0.056331484494578525,0.5530109687301021,0.6359660584982746,True,True,Risk 7 (calendar),7,calendar
2023-10-06,2023-10-09,2024-10-03,0.9856262833675564,0.04079231114554949,52,0.055947,0.053449310157999995,0.070678,0.08128,0.18714571050386297,0.17261517140803576,0.06523124392698393,0.13119871050386298,1.602514654531843,1.8428986547489765,False,False,Risk 7 (calendar),7,calendar
2024-10-02,2024-10-03,2025-09-30,0.9911019849418207,0.05190912855466712,64,0.06678,0.0647270690355,0.064077,0.073689,0.1343279735202716,0.12981452357216997,0.08801281535637381,0.06754797352027159,0.9125755618283528,1.0494683049388938,True,False,Risk 7 (calendar),7,calendar
2025-09-29,2025-09-30,2026-09-25,0.9856262833675564,0.049422752745222454,75,0.067847,0.06504962959800001,0.074798,0.086018,0.13255254067187816,0.12753275960122748,0.0755131420581005,0.06470554067187816,0.7468068072897284,0.8588308236777434,True,True,Risk 7 (calendar),7,calendar
2021-09-27,2021-09-28,2022-10-11,1.0349075975359343,0.0020569493304460895,45,0.032571,0.026132485235500005,0.113477,0.130499,-0.0017550855866390602,0.011267912325841928,0.16154827094032775,-0.03432608558663906,-0.2675887709857574,-0.3077281477732964,True,True,Risk 10 (bands),10,bands
2022-10-10,2022-10-11,2023-10-09,0.9938398357289527,0.003191368817840212,40,0.034996,0.027890249528,0.119212,0.137094,0.093421733328926,0.09548315139505685,0.10974498274557418,0.058425733328926005,0.42485812125119976,0.4885875522163203,True,True,Risk 10 (bands),10,bands
2023-10-06,2023-10-09,2024-10-03,0.9856262833675564,0.04079231114554949,52,0.06308,0.058378603487999996,0.096968,0.111513,0.23087832984924228,0.21101657318463218,0.09558177070299734,0.16779832984924228,1.4938888033695645,1.7179690426754213,False,False,Risk 10 (bands),10,bands
2024-10-02,2024-10-03,2025-09-30,0.9911019849418207,0.05190912855466712,64,0.074106,0.07014078159550001,0.089053,0.102411,0.16655219860378323,0.16233796407847326,0.1295856495631732,0.09244619860378323,0.8986728549881572,1.0334742878082959,True,False,Risk 10 (bands),10,bands
2025-09-29,2025-09-30,2026-09-25,0.9856262833675564,0.049422752745222454,75,0.076347,0.07095843051549999,0.103813,0.119385,0.18210792543426657,0.17285698119003262,0.10267145411877927,0.10576092543426657,0.8794914395844082,1.011415579116147,True,False,Risk 10 (bands),10,bands
2021-09-27,2021-09-28,2022-10-11,1.0349075975359343,0.0020569493304460895,45,0.032571,0.026132485235500005,0.113477,0.130499,-0.0008628324754075267,0.012232551267334257,0.16197675119945099,-0.03343383247540753,-0.2606332178149759,-0.2997292340442252,True,True,Risk 10 (calendar),10,calendar
2022-10-10,2022-10-11,2023-10-09,0.9938398357289527,0.003191368817840212,40,0.034996,0.027890249528,0.119212,0.137094,0.09478946017197676,0.09676571676640659,0.11001955907523125,0.05979346017197676,0.43480390753088494,0.5000252231238393,True,True,Risk 10 (calendar),10,calendar
2023-10-06,2023-10-09,2024-10-03,0.9856262833675564,0.04079231114554949,52,0.06308,0.058378603487999996,0.096968,0.111513,0.2318862868438596,0.21178226934025565,0.09507686965986206,0.1688062868438596,1.5028625259917723,1.7282888051823333,False,False,Risk 10 (calendar),10,calendar
2024-10-02,2024-10-03,2025-09-30,0.9911019849418207,0.05190912855466712,64,0.074106,0.07014078159550001,0.089053,0.102411,0.16822545914291998,0.1637641660198044,0.12953288072853994,0.09411945914291997,0.9149386814748668,1.0521799974006782,True,False,Risk 10 (calendar),10,calendar
2025-09-29,2025-09-30,2026-09-25,0.9856262833675564,0.049422752745222454,75,0.076347,0.07095843051549999,0.103813,0.119385,0.1858654001293949,0.17603008986351928,0.10260120570313835,0.1095184001293949,0.9107380159097481,1.0473491569397404,True,False,Risk 10 (calendar),10,calendar
