risk,decided,ticker,asset_class,weight,mu,portfolio_expected_return,vol_model,vol_calibrated,risk_free,risk_free_source,common_months,fallbacks
3,2021-09-27,AGBP.L,global_bonds,0.3000030669843277,0.004535656314997935,0.016519,0.057762,0.066426,0.0020569493304460895,ERNS.L,45,"{""us_equity"": [""VUAG.L""], ""cash_equivalent"": [""CSH2.L""]}"
3,2021-09-27,VUSA.L,us_equity,0.2067012137567977,0.03715850052299388,0.016519,0.057762,0.066426,0.0020569493304460895,ERNS.L,45,"{""us_equity"": [""VUAG.L""], ""cash_equivalent"": [""CSH2.L""]}"
3,2021-09-27,INXG.L,uk_inflation_linked,0.19999954800230968,0.01265625577180899,0.016519,0.057762,0.066426,0.0020569493304460895,ERNS.L,45,"{""us_equity"": [""VUAG.L""], ""cash_equivalent"": [""CSH2.L""]}"
3,2021-09-27,SLXX.L,corporate_bonds,0.19999874800639766,0.01178675588914215,0.016519,0.057762,0.066426,0.0020569493304460895,ERNS.L,45,"{""us_equity"": [""VUAG.L""], ""cash_equivalent"": [""CSH2.L""]}"
3,2021-09-27,VERX.L,europe_ex_uk_equity,0.04500144004264138,0.030845261486494323,0.016519,0.057762,0.066426,0.0020569493304460895,ERNS.L,45,"{""us_equity"": [""VUAG.L""], ""cash_equivalent"": [""CSH2.L""]}"
3,2021-09-27,ISF.L,uk_equity,0.030001586691892002,0.025717883582992065,0.016519,0.057762,0.066426,0.0020569493304460895,ERNS.L,45,"{""us_equity"": [""VUAG.L""], ""cash_equivalent"": [""CSH2.L""]}"
3,2021-09-27,VFEM.L,emerging_market_equity,0.012000988674947869,0.021117706752147126,0.016519,0.057762,0.066426,0.0020569493304460895,ERNS.L,45,"{""us_equity"": [""VUAG.L""], ""cash_equivalent"": [""CSH2.L""]}"
3,2021-09-27,VAPX.L,asia_pacific_equity,0.006293407840685934,0.02796774709607479,0.016519,0.057762,0.066426,0.0020569493304460895,ERNS.L,45,"{""us_equity"": [""VUAG.L""], ""cash_equivalent"": [""CSH2.L""]}"
3,2022-10-10,ERNS.L,cash_equivalent,0.35000138800566305,0.0025913688178402124,0.016581,0.062067,0.071377,0.003191368817840212,ERNS.L,40,"{""cash_equivalent"": [""CSH2.L""]}"
3,2022-10-10,VUAG.L,us_equity,0.20670968337550816,0.04250339943897714,0.016581,0.062067,0.071377,0.003191368817840212,ERNS.L,40,"{""cash_equivalent"": [""CSH2.L""]}"
3,2022-10-10,AGBP.L,global_bonds,0.15921495959703516,0.0063046611850312755,0.016581,0.062067,0.071377,0.003191368817840212,ERNS.L,40,"{""cash_equivalent"": [""CSH2.L""]}"
3,2022-10-10,SLXX.L,corporate_bonds,0.13805845327848937,0.01676887617607745,0.016581,0.062067,0.071377,0.003191368817840212,ERNS.L,40,"{""cash_equivalent"": [""CSH2.L""]}"
3,2022-10-10,INXG.L,uk_inflation_linked,0.05272762512871053,0.01847907449723385,0.016581,0.062067,0.071377,0.003191368817840212,ERNS.L,40,"{""cash_equivalent"": [""CSH2.L""]}"
3,2022-10-10,VERX.L,europe_ex_uk_equity,0.045006963628411605,0.03251136175781207,0.016581,0.062067,0.071377,0.003191368817840212,ERNS.L,40,"{""cash_equivalent"": [""CSH2.L""]}"
3,2022-10-10,ISF.L,uk_equity,0.03001013244134036,0.02465048473579783,0.016581,0.062067,0.071377,0.003191368817840212,ERNS.L,40,"{""cash_equivalent"": [""CSH2.L""]}"
3,2022-10-10,VFEM.L,emerging_market_equity,0.012012989012995173,0.016302934504229212,0.016581,0.062067,0.071377,0.003191368817840212,ERNS.L,40,"{""cash_equivalent"": [""CSH2.L""]}"
3,2022-10-10,VAPX.L,asia_pacific_equity,0.00625780553184657,0.031359370245537345,0.016581,0.062067,0.071377,0.003191368817840212,ERNS.L,40,"{""cash_equivalent"": [""CSH2.L""]}"
3,2023-10-06,ERNS.L,cash_equivalent,0.3500067956028175,0.040192311145549484,0.048334,0.050988,0.058636,0.04079231114554949,ERNS.L,52,"{""cash_equivalent"": [""CSH2.L""]}"
3,2023-10-06,VUAG.L,us_equity,0.2066934272715546,0.06635357499512695,0.048334,0.050988,0.058636,0.04079231114554949,ERNS.L,52,"{""cash_equivalent"": [""CSH2.L""]}"
3,2023-10-06,SLXX.L,corporate_bonds,0.2000000160002421,0.04639804610171231,0.048334,0.050988,0.058636,0.04079231114554949,ERNS.L,52,"{""cash_equivalent"": [""CSH2.L""]}"
3,2023-10-06,AGBP.L,global_bonds,0.15000691960469362,0.038398264531805705,0.048334,0.050988,0.058636,0.04079231114554949,ERNS.L,52,"{""cash_equivalent"": [""CSH2.L""]}"
3,2023-10-06,VERX.L,europe_ex_uk_equity,0.04499859082867924,0.06340615145257836,0.048334,0.050988,0.058636,0.04079231114554949,ERNS.L,52,"{""cash_equivalent"": [""CSH2.L""]}"
3,2023-10-06,ISF.L,uk_equity,0.0362887190483192,0.05662427357867748,0.048334,0.050988,0.058636,0.04079231114554949,ERNS.L,52,"{""cash_equivalent"": [""CSH2.L""]}"
3,2023-10-06,VFEM.L,emerging_market_equity,0.012005531643693768,0.05034163639794868,0.048334,0.050988,0.058636,0.04079231114554949,ERNS.L,52,"{""cash_equivalent"": [""CSH2.L""]}"
3,2024-10-02,ERNS.L,cash_equivalent,0.35000137350633187,0.05130912855466711,0.05859,0.045606,0.052447,0.05190912855466712,ERNS.L,64,"{""cash_equivalent"": [""CSH2.L""]}"
3,2024-10-02,VUAG.L,us_equity,0.2067062929160103,0.07817034196373171,0.05859,0.045606,0.052447,0.05190912855466712,ERNS.L,64,"{""cash_equivalent"": [""CSH2.L""]}"
3,2024-10-02,SLXX.L,corporate_bonds,0.19187927456345574,0.05412077453738799,0.05859,0.045606,0.052447,0.05190912855466712,ERNS.L,64,"{""cash_equivalent"": [""CSH2.L""]}"
3,2024-10-02,AGBP.L,global_bonds,0.1581218189415853,0.04941236485707133,0.05859,0.045606,0.052447,0.05190912855466712,ERNS.L,64,"{""cash_equivalent"": [""CSH2.L""]}"
3,2024-10-02,VERX.L,europe_ex_uk_equity,0.045005427475020655,0.07154381134572906,0.05859,0.045606,0.052447,0.05190912855466712,ERNS.L,64,"{""cash_equivalent"": [""CSH2.L""]}"
3,2024-10-02,ISF.L,uk_equity,0.0362787372449787,0.064301581759307,0.05859,0.045606,0.052447,0.05190912855466712,ERNS.L,64,"{""cash_equivalent"": [""CSH2.L""]}"
3,2024-10-02,VFEM.L,emerging_market_equity,0.012007075352617375,0.060216523270046,0.05859,0.045606,0.052447,0.05190912855466712,ERNS.L,64,"{""cash_equivalent"": [""CSH2.L""]}"
3,2025-09-29,ERNS.L,cash_equivalent,0.3500038205429047,0.04882275274522245,0.056643,0.044119,0.050737,0.049422752745222454,ERNS.L,75,"{""cash_equivalent"": [""CSH2.L""]}"
3,2025-09-29,VUAG.L,us_equity,0.20031604954923643,0.08322155755386437,0.056643,0.044119,0.050737,0.049422752745222454,ERNS.L,75,"{""cash_equivalent"": [""CSH2.L""]}"
3,2025-09-29,SLXX.L,corporate_bonds,0.1952188923081606,0.0481673054878016,0.056643,0.044119,0.050737,0.049422752745222454,ERNS.L,75,"{""cash_equivalent"": [""CSH2.L""]}"
3,2025-09-29,AGBP.L,global_bonds,0.1547850282358671,0.04480796859069823,0.056643,0.044119,0.050737,0.049422752745222454,ERNS.L,75,"{""cash_equivalent"": [""CSH2.L""]}"
3,2025-09-29,VERX.L,europe_ex_uk_equity,0.04361791982923968,0.06853617912320753,0.056643,0.044119,0.050737,0.049422752745222454,ERNS.L,75,"{""cash_equivalent"": [""CSH2.L""]}"
3,2025-09-29,ISF.L,uk_equity,0.0351399446215781,0.06461355482091238,0.056643,0.044119,0.050737,0.049422752745222454,ERNS.L,75,"{""cash_equivalent"": [""CSH2.L""]}"
3,2025-09-29,VFEM.L,emerging_market_equity,0.011640960727988975,0.058798332137455334,0.056643,0.044119,0.050737,0.049422752745222454,ERNS.L,75,"{""cash_equivalent"": [""CSH2.L""]}"
3,2025-09-29,SGLN.L,commodities_gold,0.009277384185024398,0.06476560568032994,0.056643,0.044119,0.050737,0.049422752745222454,ERNS.L,75,"{""cash_equivalent"": [""CSH2.L""]}"
5,2021-09-27,VUSA.L,us_equity,0.3444917855325147,0.03715850052299388,0.021772,0.072708,0.083614,0.0020569493304460895,ERNS.L,45,"{""us_equity"": [""VUAG.L""], ""cash_equivalent"": [""CSH2.L""]}"
5,2021-09-27,INXG.L,uk_inflation_linked,0.1999924481631952,0.01265625577180899,0.021772,0.072708,0.083614,0.0020569493304460895,ERNS.L,45,"{""us_equity"": [""VUAG.L""], ""cash_equivalent"": [""CSH2.L""]}"
5,2021-09-27,AGBP.L,global_bonds,0.1313220421306696,0.004535656314997935,0.021772,0.072708,0.083614,0.0020569493304460895,ERNS.L,45,"{""us_equity"": [""VUAG.L""], ""cash_equivalent"": [""CSH2.L""]}"
5,2021-09-27,SLXX.L,corporate_bonds,0.09622561056455571,0.01178675588914215,0.021772,0.072708,0.083614,0.0020569493304460895,ERNS.L,45,"{""us_equity"": [""VUAG.L""], ""cash_equivalent"": [""CSH2.L""]}"
5,2021-09-27,VERX.L,europe_ex_uk_equity,0.07499751930360786,0.030845261486494323,0.021772,0.072708,0.083614,0.0020569493304460895,ERNS.L,45,"{""us_equity"": [""VUAG.L""], ""cash_equivalent"": [""CSH2.L""]}"
5,2021-09-27,IGLT.L,uk_gilts,0.07246934393747752,0.005443947039485761,0.021772,0.072708,0.083614,0.0020569493304460895,ERNS.L,45,"{""us_equity"": [""VUAG.L""], ""cash_equivalent"": [""CSH2.L""]}"
5,2021-09-27,ISF.L,uk_equity,0.04999814953998844,0.025717883582992065,0.021772,0.072708,0.083614,0.0020569493304460895,ERNS.L,45,"{""us_equity"": [""VUAG.L""], ""cash_equivalent"": [""CSH2.L""]}"
5,2021-09-27,VFEM.L,emerging_market_equity,0.019998517832029654,0.021117706752147126,0.021772,0.072708,0.083614,0.0020569493304460895,ERNS.L,45,"{""us_equity"": [""VUAG.L""], ""cash_equivalent"": [""CSH2.L""]}"
5,2021-09-27,VAPX.L,asia_pacific_equity,0.010504582995961458,0.02796774709607479,0.021772,0.072708,0.083614,0.0020569493304460895,ERNS.L,45,"{""us_equity"": [""VUAG.L""], ""cash_equivalent"": [""CSH2.L""]}"
5,2022-10-10,VUAG.L,us_equity,0.3444874413422909,0.04250339943897714,0.021734,0.07516,0.086434,0.003191368817840212,ERNS.L,40,"{""cash_equivalent"": [""CSH2.L""]}"
5,2022-10-10,ERNS.L,cash_equivalent,0.24999848000753916,0.0025913688178402124,0.021734,0.07516,0.086434,0.003191368817840212,ERNS.L,40,"{""cash_equivalent"": [""CSH2.L""]}"
5,2022-10-10,AGBP.L,global_bonds,0.20554644048965515,0.0063046611850312755,0.021734,0.07516,0.086434,0.003191368817840212,ERNS.L,40,"{""cash_equivalent"": [""CSH2.L""]}"
5,2022-10-10,VERX.L,europe_ex_uk_equity,0.0749912880432113,0.03251136175781207,0.021734,0.07516,0.086434,0.003191368817840212,ERNS.L,40,"{""cash_equivalent"": [""CSH2.L""]}"
5,2022-10-10,ISF.L,uk_equity,0.04998754206179137,0.02465048473579783,0.021734,0.07516,0.086434,0.003191368817840212,ERNS.L,40,"{""cash_equivalent"": [""CSH2.L""]}"
5,2022-10-10,INXG.L,uk_inflation_linked,0.044452169517239196,0.01847907449723385,0.021734,0.07516,0.086434,0.003191368817840212,ERNS.L,40,"{""cash_equivalent"": [""CSH2.L""]}"
5,2022-10-10,VFEM.L,emerging_market_equity,0.019983130883670815,0.016302934504229212,0.021734,0.07516,0.086434,0.003191368817840212,ERNS.L,40,"{""cash_equivalent"": [""CSH2.L""]}"
5,2022-10-10,VAPX.L,asia_pacific_equity,0.010553507654602032,0.031359370245537345,0.021734,0.07516,0.086434,0.003191368817840212,ERNS.L,40,"{""cash_equivalent"": [""CSH2.L""]}"
5,2023-10-06,VUAG.L,us_equity,0.3444996128288617,0.06635357499512695,0.052509,0.062079,0.07139,0.04079231114554949,ERNS.L,52,"{""cash_equivalent"": [""CSH2.L""]}"
5,2023-10-06,ERNS.L,cash_equivalent,0.25000088500260187,0.040192311145549484,0.052509,0.062079,0.07139,0.04079231114554949,ERNS.L,52,"{""cash_equivalent"": [""CSH2.L""]}"
5,2023-10-06,AGBP.L,global_bonds,0.14813942552991105,0.038398264531805705,0.052509,0.062079,0.07139,0.04079231114554949,ERNS.L,52,"{""cash_equivalent"": [""CSH2.L""]}"
5,2023-10-06,SLXX.L,corporate_bonds,0.10186080947077984,0.04639804610171231,0.052509,0.062079,0.07139,0.04079231114554949,ERNS.L,52,"{""cash_equivalent"": [""CSH2.L""]}"
5,2023-10-06,VERX.L,europe_ex_uk_equity,0.07500000050000147,0.06340615145257836,0.052509,0.062079,0.07139,0.04079231114554949,ERNS.L,52,"{""cash_equivalent"": [""CSH2.L""]}"
5,2023-10-06,ISF.L,uk_equity,0.060498487865554326,0.05662427357867748,0.052509,0.062079,0.07139,0.04079231114554949,ERNS.L,52,"{""cash_equivalent"": [""CSH2.L""]}"
5,2023-10-06,VFEM.L,emerging_market_equity,0.02000077880228968,0.05034163639794868,0.052509,0.062079,0.07139,0.04079231114554949,ERNS.L,52,"{""cash_equivalent"": [""CSH2.L""]}"
5,2024-10-02,VUAG.L,us_equity,0.32438683750109026,0.07817034196373171,0.062605,0.053388,0.061397,0.05190912855466712,ERNS.L,64,"{""cash_equivalent"": [""CSH2.L""]}"
5,2024-10-02,ERNS.L,cash_equivalent,0.2500009650031459,0.05130912855466711,0.062605,0.053388,0.061397,0.05190912855466712,ERNS.L,64,"{""cash_equivalent"": [""CSH2.L""]}"
5,2024-10-02,AGBP.L,global_bonds,0.1590291984351869,0.04941236485707133,0.062605,0.053388,0.061397,0.05190912855466712,ERNS.L,64,"{""cash_equivalent"": [""CSH2.L""]}"
5,2024-10-02,SLXX.L,corporate_bonds,0.09097186656828501,0.05412077453738799,0.062605,0.053388,0.061397,0.05190912855466712,ERNS.L,64,"{""cash_equivalent"": [""CSH2.L""]}"
5,2024-10-02,VERX.L,europe_ex_uk_equity,0.07062223022847054,0.07154381134572906,0.062605,0.053388,0.061397,0.05190912855466712,ERNS.L,64,"{""cash_equivalent"": [""CSH2.L""]}"
5,2024-10-02,ISF.L,uk_equity,0.056959065686554136,0.064301581759307,0.062605,0.053388,0.061397,0.05190912855466712,ERNS.L,64,"{""cash_equivalent"": [""CSH2.L""]}"
5,2024-10-02,SGLN.L,commodities_gold,0.029194135172880664,0.06129152228590572,0.062605,0.053388,0.061397,0.05190912855466712,ERNS.L,64,"{""cash_equivalent"": [""CSH2.L""]}"
5,2024-10-02,VFEM.L,emerging_market_equity,0.01883570140438658,0.060216523270046,0.062605,0.053388,0.061397,0.05190912855466712,ERNS.L,64,"{""cash_equivalent"": [""CSH2.L""]}"
5,2025-09-29,VUAG.L,us_equity,0.31005075729137127,0.08322155755386437,0.061876,0.055492,0.063816,0.049422752745222454,ERNS.L,75,"{""cash_equivalent"": [""CSH2.L""]}"
5,2025-09-29,ERNS.L,cash_equivalent,0.2499998875000191,0.04882275274522245,0.061876,0.055492,0.063816,0.049422752745222454,ERNS.L,75,"{""cash_equivalent"": [""CSH2.L""]}"
5,2025-09-29,AGBP.L,global_bonds,0.18308839887497216,0.04480796859069823,0.061876,0.055492,0.063816,0.049422752745222454,ERNS.L,75,"{""cash_equivalent"": [""CSH2.L""]}"
5,2025-09-29,VERX.L,europe_ex_uk_equity,0.06750017852496965,0.06853617912320753,0.061876,0.055492,0.063816,0.049422752745222454,ERNS.L,75,"{""cash_equivalent"": [""CSH2.L""]}"
5,2025-09-29,SLXX.L,corporate_bonds,0.06691158862502992,0.0481673054878016,0.061876,0.055492,0.063816,0.049422752745222454,ERNS.L,75,"{""cash_equivalent"": [""CSH2.L""]}"
5,2025-09-29,ISF.L,uk_equity,0.054449890743518574,0.06461355482091238,0.061876,0.055492,0.063816,0.049422752745222454,ERNS.L,75,"{""cash_equivalent"": [""CSH2.L""]}"
5,2025-09-29,SGLN.L,commodities_gold,0.049999281500122145,0.06476560568032994,0.061876,0.055492,0.063816,0.049422752745222454,ERNS.L,75,"{""cash_equivalent"": [""CSH2.L""]}"
5,2025-09-29,VFEM.L,emerging_market_equity,0.01800001693999712,0.058798332137455334,0.061876,0.055492,0.063816,0.049422752745222454,ERNS.L,75,"{""cash_equivalent"": [""CSH2.L""]}"
7,2021-09-27,VUSA.L,us_equity,0.4671625,0.03715850052299388,0.026273,0.087139,0.10021,0.0020569493304460895,ERNS.L,45,"{""us_equity"": [""VUAG.L""], ""cash_equivalent"": [""CSH2.L""]}"
7,2021-09-27,INXG.L,uk_inflation_linked,0.18858557,0.01265625577180899,0.026273,0.087139,0.10021,0.0020569493304460895,ERNS.L,45,"{""us_equity"": [""VUAG.L""], ""cash_equivalent"": [""CSH2.L""]}"
7,2021-09-27,IGLT.L,uk_gilts,0.11141443,0.005443947039485761,0.026273,0.087139,0.10021,0.0020569493304460895,ERNS.L,45,"{""us_equity"": [""VUAG.L""], ""cash_equivalent"": [""CSH2.L""]}"
7,2021-09-27,VERX.L,europe_ex_uk_equity,0.10018731,0.030845261486494323,0.026273,0.087139,0.10021,0.0020569493304460895,ERNS.L,45,"{""us_equity"": [""VUAG.L""], ""cash_equivalent"": [""CSH2.L""]}"
7,2021-09-27,ISF.L,uk_equity,0.06780297,0.025717883582992065,0.026273,0.087139,0.10021,0.0020569493304460895,ERNS.L,45,"{""us_equity"": [""VUAG.L""], ""cash_equivalent"": [""CSH2.L""]}"
7,2021-09-27,VFEM.L,emerging_market_equity,0.04287697,0.021117706752147126,0.026273,0.087139,0.10021,0.0020569493304460895,ERNS.L,45,"{""us_equity"": [""VUAG.L""], ""cash_equivalent"": [""CSH2.L""]}"
7,2021-09-27,SGLN.L,commodities_gold,0.02197025,0.008237196390871995,0.026273,0.087139,0.10021,0.0020569493304460895,ERNS.L,45,"{""us_equity"": [""VUAG.L""], ""cash_equivalent"": [""CSH2.L""]}"
7,2022-10-10,VUAG.L,us_equity,0.44785,0.04250339943897714,0.026387,0.088303,0.101549,0.003191368817840212,ERNS.L,40,"{""cash_equivalent"": [""CSH2.L""]}"
7,2022-10-10,AGBP.L,global_bonds,0.15,0.0063046611850312755,0.026387,0.088303,0.101549,0.003191368817840212,ERNS.L,40,"{""cash_equivalent"": [""CSH2.L""]}"
7,2022-10-10,ERNS.L,cash_equivalent,0.15,0.0025913688178402124,0.026387,0.088303,0.101549,0.003191368817840212,ERNS.L,40,"{""cash_equivalent"": [""CSH2.L""]}"
7,2022-10-10,VERX.L,europe_ex_uk_equity,0.0975,0.03251136175781207,0.026387,0.088303,0.101549,0.003191368817840212,ERNS.L,40,"{""cash_equivalent"": [""CSH2.L""]}"
7,2022-10-10,ISF.L,uk_equity,0.07011302,0.02465048473579783,0.026387,0.088303,0.101549,0.003191368817840212,ERNS.L,40,"{""cash_equivalent"": [""CSH2.L""]}"
7,2022-10-10,SGLN.L,commodities_gold,0.05,0.010373218572282935,0.026387,0.088303,0.101549,0.003191368817840212,ERNS.L,40,"{""cash_equivalent"": [""CSH2.L""]}"
7,2022-10-10,VFEM.L,emerging_market_equity,0.026,0.016302934504229212,0.026387,0.088303,0.101549,0.003191368817840212,ERNS.L,40,"{""cash_equivalent"": [""CSH2.L""]}"
7,2022-10-10,VJPN.L,japan_equity,0.00853698,0.020664367682082914,0.026387,0.088303,0.101549,0.003191368817840212,ERNS.L,40,"{""cash_equivalent"": [""CSH2.L""]}"
7,2023-10-06,VUAG.L,us_equity,0.4478512244785123,0.06635357499512695,0.055947,0.070678,0.08128,0.04079231114554949,ERNS.L,52,"{""cash_equivalent"": [""CSH2.L""]}"
7,2023-10-06,ERNS.L,cash_equivalent,0.14999993149999932,0.040192311145549484,0.055947,0.070678,0.08128,0.04079231114554949,ERNS.L,52,"{""cash_equivalent"": [""CSH2.L""]}"
7,2023-10-06,AGBP.L,global_bonds,0.125004401250044,0.038398264531805705,0.055947,0.070678,0.08128,0.04079231114554949,ERNS.L,52,"{""cash_equivalent"": [""CSH2.L""]}"
7,2023-10-06,VERX.L,europe_ex_uk_equity,0.09750074097500741,0.06340615145257836,0.055947,0.070678,0.08128,0.04079231114554949,ERNS.L,52,"{""cash_equivalent"": [""CSH2.L""]}"
7,2023-10-06,ISF.L,uk_equity,0.07864791078647912,0.05662427357867748,0.055947,0.070678,0.08128,0.04079231114554949,ERNS.L,52,"{""cash_equivalent"": [""CSH2.L""]}"
7,2023-10-06,SGLN.L,commodities_gold,0.04999950049999501,0.0459508764461491,0.055947,0.070678,0.08128,0.04079231114554949,ERNS.L,52,"{""cash_equivalent"": [""CSH2.L""]}"
7,2023-10-06,VFEM.L,emerging_market_equity,0.026000700260007007,0.05034163639794868,0.055947,0.070678,0.08128,0.04079231114554949,ERNS.L,52,"{""cash_equivalent"": [""CSH2.L""]}"
7,2023-10-06,SLXX.L,corporate_bonds,0.024995590249955905,0.04639804610171231,0.055947,0.070678,0.08128,0.04079231114554949,ERNS.L,52,"{""cash_equivalent"": [""CSH2.L""]}"
7,2024-10-02,VUAG.L,us_equity,0.44785950899018917,0.07817034196373171,0.06678,0.064077,0.073689,0.05190912855466712,ERNS.L,64,"{""cash_equivalent"": [""CSH2.L""]}"
7,2024-10-02,ERNS.L,cash_equivalent,0.149999516497626,0.05130912855466711,0.06678,0.064077,0.073689,0.05190912855466712,ERNS.L,64,"{""cash_equivalent"": [""CSH2.L""]}"
7,2024-10-02,AGBP.L,global_bonds,0.14999634648206123,0.04941236485707133,0.06678,0.064077,0.073689,0.05190912855466712,ERNS.L,64,"{""cash_equivalent"": [""CSH2.L""]}"
7,2024-10-02,VERX.L,europe_ex_uk_equity,0.0975027487384963,0.07154381134572906,0.06678,0.064077,0.073689,0.05190912855466712,ERNS.L,64,"{""cash_equivalent"": [""CSH2.L""]}"
7,2024-10-02,ISF.L,uk_equity,0.07865197618120305,0.064301581759307,0.06678,0.064077,0.073689,0.05190912855466712,ERNS.L,64,"{""cash_equivalent"": [""CSH2.L""]}"
7,2024-10-02,SGLN.L,commodities_gold,0.04999114545652419,0.06129152228590572,0.06678,0.064077,0.073689,0.05190912855466712,ERNS.L,64,"{""cash_equivalent"": [""CSH2.L""]}"
7,2024-10-02,VFEM.L,emerging_market_equity,0.02599875765390008,0.060216523270046,0.06678,0.064077,0.073689,0.05190912855466712,ERNS.L,64,"{""cash_equivalent"": [""CSH2.L""]}"
7,2025-09-29,VUAG.L,us_equity,0.44785707197832264,0.08322155755386437,0.067847,0.074798,0.086018,0.049422752745222454,ERNS.L,75,"{""cash_equivalent"": [""CSH2.L""]}"
7,2025-09-29,ERNS.L,cash_equivalent,0.14999986649953143,0.04882275274522245,0.067847,0.074798,0.086018,0.049422752745222454,ERNS.L,75,"{""cash_equivalent"": [""CSH2.L""]}"
7,2025-09-29,AGBP.L,global_bonds,0.1499993064975658,0.04480796859069823,0.067847,0.074798,0.086018,0.049422752745222454,ERNS.L,75,"{""cash_equivalent"": [""CSH2.L""]}"
7,2025-09-29,VERX.L,europe_ex_uk_equity,0.09750334223673125,0.06853617912320753,0.067847,0.074798,0.086018,0.049422752745222454,ERNS.L,75,"{""cash_equivalent"": [""CSH2.L""]}"
7,2025-09-29,ISF.L,uk_equity,0.07864478604319901,0.06461355482091238,0.067847,0.074798,0.086018,0.049422752745222454,ERNS.L,75,"{""cash_equivalent"": [""CSH2.L""]}"
7,2025-09-29,SGLN.L,commodities_gold,0.04999454548085464,0.06476560568032994,0.067847,0.074798,0.086018,0.049422752745222454,ERNS.L,75,"{""cash_equivalent"": [""CSH2.L""]}"
7,2025-09-29,VFEM.L,emerging_market_equity,0.026001081263795238,0.058798332137455334,0.067847,0.074798,0.086018,0.049422752745222454,ERNS.L,75,"{""cash_equivalent"": [""CSH2.L""]}"
10,2021-09-27,VUSA.L,us_equity,0.6545469718154507,0.03715850052299388,0.032571,0.113477,0.130499,0.0020569493304460895,ERNS.L,45,"{""us_equity"": [""VUAG.L""], ""cash_equivalent"": [""CSH2.L""]}"
10,2021-09-27,VERX.L,europe_ex_uk_equity,0.11938766510220282,0.030845261486494323,0.032571,0.113477,0.130499,0.0020569493304460895,ERNS.L,45,"{""us_equity"": [""VUAG.L""], ""cash_equivalent"": [""CSH2.L""]}"
10,2021-09-27,ISF.L,uk_equity,0.09499830900304379,0.025717883582992065,0.032571,0.113477,0.130499,0.0020569493304460895,ERNS.L,45,"{""us_equity"": [""VUAG.L""], ""cash_equivalent"": [""CSH2.L""]}"
10,2021-09-27,VFEM.L,emerging_market_equity,0.08106695407948267,0.021117706752147126,0.032571,0.113477,0.130499,0.0020569493304460895,ERNS.L,45,"{""us_equity"": [""VUAG.L""], ""cash_equivalent"": [""CSH2.L""]}"
10,2021-09-27,SGLN.L,commodities_gold,0.050000099999820004,0.008237196390871995,0.032571,0.113477,0.130499,0.0020569493304460895,ERNS.L,45,"{""us_equity"": [""VUAG.L""], ""cash_equivalent"": [""CSH2.L""]}"
10,2022-10-10,VUAG.L,us_equity,0.654529960353243,0.04250339943897714,0.034996,0.119212,0.137094,0.003191368817840212,ERNS.L,40,"{""cash_equivalent"": [""CSH2.L""]}"
10,2022-10-10,ISF.L,uk_equity,0.0949895830485348,0.02465048473579783,0.034996,0.119212,0.137094,0.003191368817840212,ERNS.L,40,"{""cash_equivalent"": [""CSH2.L""]}"
10,2022-10-10,VFEM.L,emerging_market_equity,0.08938687779923007,0.016302934504229212,0.034996,0.119212,0.137094,0.003191368817840212,ERNS.L,40,"{""cash_equivalent"": [""CSH2.L""]}"
10,2022-10-10,VJPN.L,japan_equity,0.06357319465691902,0.020664367682082914,0.034996,0.119212,0.137094,0.003191368817840212,ERNS.L,40,"{""cash_equivalent"": [""CSH2.L""]}"
10,2022-10-10,SGLN.L,commodities_gold,0.05001502736276054,0.010373218572282935,0.034996,0.119212,0.137094,0.003191368817840212,ERNS.L,40,"{""cash_equivalent"": [""CSH2.L""]}"
10,2022-10-10,VERX.L,europe_ex_uk_equity,0.047505356779312655,0.03251136175781207,0.034996,0.119212,0.137094,0.003191368817840212,ERNS.L,40,"{""cash_equivalent"": [""CSH2.L""]}"
10,2023-10-06,VUAG.L,us_equity,0.654548504369248,0.06635357499512695,0.06308,0.096968,0.111513,0.04079231114554949,ERNS.L,52,"{""cash_equivalent"": [""CSH2.L""]}"
10,2023-10-06,VERX.L,europe_ex_uk_equity,0.13898954574076414,0.06340615145257836,0.06308,0.096968,0.111513,0.04079231114554949,ERNS.L,52,"{""cash_equivalent"": [""CSH2.L""]}"
10,2023-10-06,ISF.L,uk_equity,0.09499967479940162,0.05662427357867748,0.06308,0.096968,0.111513,0.04079231114554949,ERNS.L,52,"{""cash_equivalent"": [""CSH2.L""]}"
10,2023-10-06,SGLN.L,commodities_gold,0.05000125200230368,0.0459508764461491,0.06308,0.096968,0.111513,0.04079231114554949,ERNS.L,52,"{""cash_equivalent"": [""CSH2.L""]}"
10,2023-10-06,VFEM.L,emerging_market_equity,0.037999859919742245,0.05034163639794868,0.06308,0.096968,0.111513,0.04079231114554949,ERNS.L,52,"{""cash_equivalent"": [""CSH2.L""]}"
10,2023-10-06,VJPN.L,japan_equity,0.023461163168540227,0.05307911901053904,0.06308,0.096968,0.111513,0.04079231114554949,ERNS.L,52,"{""cash_equivalent"": [""CSH2.L""]}"
10,2024-10-02,VUAG.L,us_equity,0.654549739638849,0.07817034196373171,0.074106,0.089053,0.102411,0.05190912855466712,ERNS.L,64,"{""cash_equivalent"": [""CSH2.L""]}"
10,2024-10-02,VERX.L,europe_ex_uk_equity,0.14250002265001313,0.07154381134572906,0.074106,0.089053,0.102411,0.05190912855466712,ERNS.L,64,"{""cash_equivalent"": [""CSH2.L""]}"
10,2024-10-02,ISF.L,uk_equity,0.11494973667084728,0.064301581759307,0.074106,0.089053,0.102411,0.05190912855466712,ERNS.L,64,"{""cash_equivalent"": [""CSH2.L""]}"
10,2024-10-02,SGLN.L,commodities_gold,0.05000039900023143,0.06129152228590572,0.074106,0.089053,0.102411,0.05190912855466712,ERNS.L,64,"{""cash_equivalent"": [""CSH2.L""]}"
10,2024-10-02,VFEM.L,emerging_market_equity,0.038000102040059186,0.060216523270046,0.074106,0.089053,0.102411,0.05190912855466712,ERNS.L,64,"{""cash_equivalent"": [""CSH2.L""]}"
10,2025-09-29,VUAG.L,us_equity,0.6120053227968063,0.08322155755386437,0.076347,0.103813,0.119385,0.049422752745222454,ERNS.L,75,"{""cash_equivalent"": [""CSH2.L""]}"
10,2025-09-29,ISF.L,uk_equity,0.15748634550819268,0.06461355482091238,0.076347,0.103813,0.119385,0.049422752745222454,ERNS.L,75,"{""cash_equivalent"": [""CSH2.L""]}"
10,2025-09-29,VERX.L,europe_ex_uk_equity,0.14249843450093927,0.06853617912320753,0.076347,0.103813,0.119385,0.049422752745222454,ERNS.L,75,"{""cash_equivalent"": [""CSH2.L""]}"
10,2025-09-29,SGLN.L,commodities_gold,0.050008709994774,0.06476560568032994,0.076347,0.103813,0.119385,0.049422752745222454,ERNS.L,75,"{""cash_equivalent"": [""CSH2.L""]}"
10,2025-09-29,VFEM.L,emerging_market_equity,0.038001187199287675,0.058798332137455334,0.076347,0.103813,0.119385,0.049422752745222454,ERNS.L,75,"{""cash_equivalent"": [""CSH2.L""]}"
