decided,executed,reason,value_before,buys_gbp,sells_gbp,cost_gbp,commission_gbp,n_fills,turnover,realised_gain_gbp,value_after,run,risk,mode
2021-09-27,2021-09-28,initial,100000.0,99900.0,0.0,100.0,0.0,8,0.4995,0.0,99900.00000000001,Risk 3 (bands),3,bands
2022-07-14,2022-07-15,portfolio drift 3.2% exceeds 3%,90405.46654217316,2737.27901093312,2806.4807312158473,5.54649976117893,0.0,5,0.030660533893505565,16.794849683818313,90399.92004241198,Risk 3 (bands),3,bands
2022-09-26,2022-09-27,portfolio drift 4.9% exceeds 3%,81369.72836113948,3674.0913207649483,3617.7316009341803,7.295500690788983,0.0,5,0.04480673014745834,13.819369998473519,81362.4328604487,Risk 3 (bands),3,bands
2022-10-10,2022-10-11,re-optimisation,80803.25374317587,44636.01938469117,44725.42551028624,89.40612559506218,0.0,7,0.5529569711326403,-10137.445127584573,80713.84761758082,Risk 3 (bands),3,bands
2022-11-21,2022-11-22,1 holding(s) outside tolerance band: INXG.L,85201.04037449758,2263.5581764707176,2268.0920925637524,4.533916093034941,0.0,6,0.026593866982819646,-447.2410879737509,85196.50645840453,Risk 3 (bands),3,bands
2023-10-06,2023-10-09,re-optimisation,86614.41430056856,5967.6899080008925,6030.8270039877125,12.004490575560176,0.0,7,0.06926397302850458,-1785.3631489608595,86602.409809993,Risk 3 (bands),3,bands
2024-06-25,2024-06-26,portfolio drift 3.2% exceeds 3%,95708.7424485764,2931.1646938845024,2893.823147526285,5.827921940203465,0.0,5,0.030430803353938697,720.7228429658687,95702.9145266362,Risk 3 (bands),3,bands
2024-10-02,2024-10-03,re-optimisation,97428.60765828064,750.0499261655287,817.8703386016681,1.5686710654940894,0.0,3,0.00804650863053741,-19.280682408177313,97427.03898721516,Risk 3 (bands),3,bands
2025-09-29,2025-09-30,re-optimisation,104640.67764795698,3534.4622340027254,3467.252608361839,7.005252842598801,0.0,8,0.03345598958141527,1164.0671368157086,104633.67239511438,Risk 3 (bands),3,bands
2021-09-27,2021-09-28,initial,100000.0,99900.0,0.0,100.0,0.0,8,0.4995,0.0,99900.00000000001,Risk 3 (calendar),3,calendar
2021-10-11,2021-10-12,calendar,99348.69753561962,0.0,270.56819827887784,0.27056819827887785,0.0,1,0.001361709841147493,-1.7224534597373236,99348.42696742133,Risk 3 (calendar),3,calendar
2021-10-25,2021-10-26,calendar,101267.92150505248,685.0104045532752,415.81428485818003,1.1015103855121091,0.0,3,0.005435209260005068,11.507949334864463,101266.81999466696,Risk 3 (calendar),3,calendar
2021-11-08,2021-11-09,calendar,104026.64525288809,516.2346365266676,517.2686565711533,1.0340200444857355,0.0,2,0.004967493138826986,34.978550442773724,104025.61123284361,Risk 3 (calendar),3,calendar
2021-11-22,2021-11-23,calendar,103013.41181938615,0.0,437.83886513330407,0.43783886513330406,0.0,1,0.0021251546638459506,33.745576336696956,103012.97398052101,Risk 3 (calendar),3,calendar
2021-12-06,2021-12-07,calendar,104856.64565584698,559.9348457454117,599.409983560206,1.1599053246467044,0.0,2,0.005528237252175397,51.1254701212747,104855.48575052232,Risk 3 (calendar),3,calendar
2021-12-20,2021-12-21,calendar,102845.37059226363,475.24054249956004,0.0,0.4757162587583183,0.0,1,0.002310461519865967,0.0,102844.89487600488,Risk 3 (calendar),3,calendar
2022-01-06,2022-01-07,calendar,101192.28535794732,624.691601871801,625.9428616522439,1.2512597804428354,0.0,2,0.006179495102320189,40.21779198312447,101191.03409816687,Risk 3 (calendar),3,calendar
2022-01-20,2022-01-21,calendar,100149.05575666798,289.48257455780623,290.52218134306696,0.5802945282477778,0.0,2,0.0028957075606888894,-4.12315043304767,100148.47546213972,Risk 3 (calendar),3,calendar
2022-02-03,2022-02-04,calendar,98393.79861093844,260.03888974958943,260.0999766581732,0.5203991655967011,0.0,2,0.0026431486219190385,18.258926875507854,98393.27821177283,Risk 3 (calendar),3,calendar
2022-02-17,2022-02-18,calendar,98209.79386720342,257.2214523881616,263.0495229675168,0.5205284542869979,0.0,2,0.0026487733802759757,1.4665648957334838,98209.27333874913,Risk 3 (calendar),3,calendar
2022-03-03,2022-03-04,calendar,98543.47388315227,339.14944442523114,443.5149344125452,0.7830038677711348,0.0,2,0.003971162919250336,12.817824600460881,98542.69087928449,Risk 3 (calendar),3,calendar
2022-03-17,2022-03-18,calendar,97714.70649697493,1057.679126644136,957.6211599715751,2.0163590244802196,0.0,4,0.010312164662123306,17.668409877663123,97712.69013795044,Risk 3 (calendar),3,calendar
2022-03-31,2022-04-01,calendar,98366.8095225434,540.8532357358171,746.8434567467866,1.28823808711297,0.0,2,0.006545382018248206,51.174985595571115,98365.52128445628,Risk 3 (calendar),3,calendar
2022-04-14,2022-04-19,calendar,95344.4288236992,211.30616778595518,0.0,0.2115176854714266,0.0,1,0.0011081201617804022,0.0,95344.21730601373,Risk 3 (calendar),3,calendar
2022-05-03,2022-05-04,calendar,93950.56908738306,350.9464035825588,351.6493506344771,0.7029470519183197,0.0,2,0.0037391777454990945,-31.30485189258411,93949.86614033114,Risk 3 (calendar),3,calendar
2022-05-31,2022-06-01,calendar,92698.06550958498,815.5335681073703,817.1670851105062,1.6335170031359019,0.0,3,0.008806551918006613,-23.994734114794426,92696.43199258184,Risk 3 (calendar),3,calendar
2022-06-16,2022-06-17,calendar,87887.67915413617,741.4143379172318,856.8147250254647,1.5989712194371082,0.0,3,0.00909245231143119,-117.94419855832933,87886.08018291673,Risk 3 (calendar),3,calendar
2022-06-30,2022-07-01,calendar,90456.86356757281,591.3419712465756,552.8060655780185,1.1447399707297459,0.0,2,0.006324274309875315,-10.532249304483116,90455.71882760209,Risk 3 (calendar),3,calendar
2022-07-14,2022-07-15,calendar,90312.48198465089,0.0,274.69384126261696,0.2746938412626169,0.0,1,0.0015207966563763728,4.149532713219514,90312.20729080962,Risk 3 (calendar),3,calendar
2022-07-28,2022-07-29,calendar,93449.99518002973,333.3821589797807,333.22972258751474,0.6669455974421501,0.0,2,0.0035666769178697103,16.68399176633568,93449.3282344323,Risk 3 (calendar),3,calendar
2022-08-11,2022-08-12,calendar,93347.62257780458,921.0775054180048,580.9555808779998,1.5029550858009273,0.0,4,0.008045374080331133,50.649604124817756,93346.11962271876,Risk 3 (calendar),3,calendar
2022-08-25,2022-08-26,calendar,91834.92928583574,643.1778744491671,638.3644044944577,1.2821861006397701,0.0,3,0.006977422909287767,54.31494724418701,91833.6470997351,Risk 3 (calendar),3,calendar
2022-09-09,2022-09-12,calendar,89558.36905714773,756.1521465386531,759.7881779306639,1.5166972335249114,0.0,4,0.008463420785956846,5.005649294879731,89556.85235991422,Risk 3 (calendar),3,calendar
2022-09-26,2022-09-27,calendar,80923.3378797291,2185.012950515659,2187.2680845924324,4.3744682352587585,0.0,5,0.027014957301973373,-174.40064291433856,80918.96341149384,Risk 3 (calendar),3,calendar
2022-10-10,2022-10-11,re-optimisation,80360.87412632215,44213.89934551235,44302.45996297835,88.56061746599372,0.0,6,0.5507428849600905,-10466.708424181337,80272.31350885615,Risk 3 (calendar),3,calendar
2022-10-24,2022-10-25,calendar,83040.43371208216,1519.7845141102787,1522.8286485787842,3.044134468508993,0.0,4,0.018320070275875563,-449.0207452181778,83037.38957761365,Risk 3 (calendar),3,calendar
2022-11-07,2022-11-08,calendar,83323.50720201145,209.99467095158707,210.65119710625484,0.42085607293366933,0.0,2,0.002524172842593017,15.325598468443559,83323.08634593851,Risk 3 (calendar),3,calendar
2022-11-21,2022-11-22,calendar,84690.92827744596,636.4705770720091,639.6905038398075,1.2767981885965733,0.0,4,0.007534225370225816,-78.80636584065394,84689.65147925736,Risk 3 (calendar),3,calendar
2022-12-05,2022-12-06,calendar,84227.19555202861,239.4936354211186,238.16015550293517,0.4778935242928437,0.0,2,0.0028355081027777937,-27.158295898729705,84226.71765850432,Risk 3 (calendar),3,calendar
2022-12-19,2022-12-20,calendar,83038.42350346471,352.3994803980463,352.73754495717424,0.7054897775878513,0.0,2,0.00424584785936958,2.0829699040549485,83037.71801368712,Risk 3 (calendar),3,calendar
2023-01-19,2023-01-20,calendar,84533.22048749961,274.23839923216235,274.78769984415084,0.5493006119884576,0.0,3,0.003247398454182286,-47.477089082532814,84532.67118688763,Risk 3 (calendar),3,calendar
2023-02-02,2023-02-03,calendar,86848.81603778063,888.374445436869,902.02039390346,1.7912841030494748,0.0,3,0.010307537402475805,60.68093875830934,86847.02475367759,Risk 3 (calendar),3,calendar
2023-02-16,2023-02-17,calendar,85655.67187400564,312.6635287701182,301.42326417602817,0.6143997694514217,0.0,4,0.0035846242257572343,12.76126012287898,85655.0574742362,Risk 3 (calendar),3,calendar
2023-03-02,2023-03-03,calendar,85099.55425051783,704.0930924733269,705.8876760307393,1.41068556639443,0.0,4,0.00828430172708858,8.77450384143333,85098.14356495143,Risk 3 (calendar),3,calendar
2023-03-16,2023-03-17,calendar,84667.13187127553,0.38351409302682876,0.0,0.00038389799101784663,0.0,1,2.264834561833912e-06,0.0,84667.13148737754,Risk 3 (calendar),3,calendar
2023-06-15,2023-06-16,calendar,85887.69557386804,508.34040662832126,509.3586144987041,1.0182078703829096,0.0,3,0.005924591493153693,34.054520379977816,85886.67736599766,Risk 3 (calendar),3,calendar
2023-07-27,2023-07-28,calendar,87020.6490017916,369.9252746964937,370.66623650326375,0.7409618067700243,0.0,3,0.004255263088100561,36.257570015716965,87019.90803998483,Risk 3 (calendar),3,calendar
2023-08-24,2023-08-25,calendar,86178.04832651881,0.0,364.3191655288796,0.3643191655288796,0.0,1,0.002113758506972192,12.689445112103272,86177.68400735328,Risk 3 (calendar),3,calendar
2023-09-22,2023-09-25,calendar,86701.96395150636,257.38952218763046,0.0,0.25764716935698745,0.0,1,0.0014843350165146898,0.0,86701.706304337,Risk 3 (calendar),3,calendar
2023-10-06,2023-10-09,re-optimisation,86119.27869599104,5813.432631482219,5904.7133555040145,11.7239652388696,0.0,6,0.06803439464671067,-2072.278996820273,86107.55473075218,Risk 3 (calendar),3,calendar
2023-11-03,2023-11-06,calendar,86651.89271754934,0.0,222.84958545910675,0.22284958545910677,0.0,1,0.0012858898892463182,-26.69492143327321,86651.6698679639,Risk 3 (calendar),3,calendar
2023-11-17,2023-11-20,calendar,88074.65810005495,408.0826804912737,0.0,0.4084911716629367,0.0,1,0.0023166861461311715,0.0,88074.24960888328,Risk 3 (calendar),3,calendar
2023-12-15,2023-12-18,calendar,90082.0169428261,628.3422477886843,631.6390671560907,1.2606102861637827,0.0,3,0.006993523001069509,18.011040985709855,90080.75633253992,Risk 3 (calendar),3,calendar
2024-01-17,2024-01-18,calendar,89851.94883744487,2.0341728721614034,0.0,0.002036209081242646,0.0,1,1.1319581258284756e-05,0.0,89851.94680123578,Risk 3 (calendar),3,calendar
2024-01-31,2024-02-01,calendar,90949.61539771083,229.79797376844687,428.83033441418513,0.6588583361844023,0.0,2,0.00362084163469266,70.34858724247835,90948.95653937465,Risk 3 (calendar),3,calendar
2024-02-14,2024-02-15,calendar,91529.1935673922,251.7801586780313,514.6200839766049,0.7666522748455051,0.0,2,0.004186643696856904,101.53152906837948,91528.42691511736,Risk 3 (calendar),3,calendar
2024-02-28,2024-02-29,calendar,91884.56223181864,332.1103526214981,0.0,0.332442795416915,0.0,1,0.0018072151869407932,0.0,91884.22978902321,Risk 3 (calendar),3,calendar
2024-03-13,2024-03-14,calendar,92457.44698674776,127.87597593645054,0.0,0.12800397991636692,0.0,1,0.0006915396223020274,0.0,92457.31898276784,Risk 3 (calendar),3,calendar
2024-03-27,2024-03-28,calendar,93503.57331674796,442.13107597667965,445.43133046494114,0.8880049800912471,0.0,3,0.004746141644421222,103.5271306649106,93502.68531176787,Risk 3 (calendar),3,calendar
2024-04-26,2024-04-29,calendar,92820.75107027266,243.62388113088778,241.69719656816545,0.48556494544793305,0.0,2,0.00261429191265446,16.45096118316303,92820.26550532722,Risk 3 (calendar),3,calendar
2024-05-13,2024-05-14,calendar,93959.50398707502,252.33962278130474,253.34468115509944,0.5059368961514005,0.0,2,0.0026909694202194045,48.01361230688008,93958.99805017887,Risk 3 (calendar),3,calendar
2024-06-11,2024-06-12,calendar,94436.6752286142,255.4557334570824,257.31527199000607,0.5130267168919904,0.0,2,0.0027148933621697403,63.955424959861375,94436.16220189731,Risk 3 (calendar),3,calendar
2024-06-25,2024-06-26,calendar,94976.68132955961,237.69715362629898,277.9934095029974,0.5159284982180113,0.0,2,0.0027148272392246557,73.55619598435919,94976.16540106139,Risk 3 (calendar),3,calendar
2024-08-06,2024-08-07,calendar,94868.91674448397,963.3987385739001,923.6608018052258,1.8880239034808015,0.0,5,0.009945615514202899,4.500499855681483,94867.02872058049,Risk 3 (calendar),3,calendar
2024-08-20,2024-08-21,calendar,96007.06823067655,432.38341788582227,477.2999458335885,0.9101161799535307,0.0,2,0.004737585369931884,120.23323684739557,96006.1581144966,Risk 3 (calendar),3,calendar
2024-09-04,2024-09-05,calendar,95492.22734314241,43.96240535604497,0.0,0.04400641176781278,0.0,1,0.00023018839637110026,0.0,95492.18333673064,Risk 3 (calendar),3,calendar
2024-10-02,2024-10-03,re-optimisation,96711.04819292639,553.2854477137305,555.56678484337,1.1094060718441012,0.0,2,0.005732810538590583,-13.074278611407294,96709.93878685455,Risk 3 (calendar),3,calendar
2024-10-16,2024-10-17,calendar,97518.78213745009,540.8985114924262,628.8638432580125,1.1703037947018826,0.0,2,0.005997625939901967,180.8316103169454,97517.6118336554,Risk 3 (calendar),3,calendar
2024-11-13,2024-11-14,calendar,97849.21265621211,470.6750495651599,1001.600370897283,1.4727465666582038,0.0,2,0.007523184809034706,318.8389967419373,97847.73990964546,Risk 3 (calendar),3,calendar
2024-11-27,2024-11-28,calendar,98486.26098195031,376.8941040697382,0.0,0.37727137544518335,0.0,1,0.0019134349314916727,0.0,98485.88371057487,Risk 3 (calendar),3,calendar
2024-12-27,2024-12-30,calendar,98459.16280655947,239.9080101906123,0.0,0.24014815834896125,0.0,1,0.0012183122593778003,0.0,98458.92265840112,Risk 3 (calendar),3,calendar
2025-01-13,2025-01-14,calendar,98430.71968905308,0.0,246.24373224960237,0.24624373224960236,0.0,1,0.0012508479721955556,24.09889796904355,98430.47344532084,Risk 3 (calendar),3,calendar
2025-01-27,2025-01-28,calendar,99773.82069987229,245.7514910288354,0.0,0.24599748851735276,0.0,1,0.0012315429503700962,0.0,99773.57470238376,Risk 3 (calendar),3,calendar
2025-03-10,2025-03-11,calendar,97745.0910352213,821.0008113242234,822.6452792374189,1.6444679131956004,0.0,3,0.008407819119884873,111.69446400791131,97743.4465673081,Risk 3 (calendar),3,calendar
2025-04-07,2025-04-08,calendar,95903.76514292925,2413.862608579792,2468.7454994587406,4.885024386926,0.0,5,0.025455768607008204,92.34649923195889,95898.88011854232,Risk 3 (calendar),3,calendar
2025-04-23,2025-04-24,calendar,97260.82052110827,649.171697993954,603.3743340229511,1.2531958535364187,0.0,4,0.00643910890996991,110.04215152351472,97259.56732525473,Risk 3 (calendar),3,calendar
2025-05-08,2025-05-09,calendar,98400.20414781955,715.5722843753952,714.0553216024626,1.430343894550806,0.0,3,0.007264352845397715,157.38496841795074,98398.773803925,Risk 3 (calendar),3,calendar
2025-05-22,2025-05-23,calendar,98593.53817700941,584.5526283471903,585.7234896029065,1.1708612557162101,0.0,4,0.005934852017629428,146.66402255710733,98592.3673157537,Risk 3 (calendar),3,calendar
2025-07-04,2025-07-07,calendar,100988.6159924036,614.0208529925593,615.2507392202606,1.229886227701301,0.0,2,0.006086188924033211,169.5499873360215,100987.38610617591,Risk 3 (calendar),3,calendar
2025-07-18,2025-07-21,calendar,101764.39688134537,270.2808724864183,386.98861593581125,0.6575400398461398,0.0,2,0.003229368563882851,113.49684013686709,101763.73934130553,Risk 3 (calendar),3,calendar
2025-08-15,2025-08-18,calendar,102349.06454374111,115.9341532061373,0.0,0.11605020340954685,0.0,1,0.0005663664525071956,0.0,102348.94849353771,Risk 3 (calendar),3,calendar
2025-09-15,2025-09-16,calendar,103324.89855165036,438.72780967897495,439.60658323886946,0.8787735598945001,0.0,3,0.00425035207016816,139.11502083758074,103324.01977809046,Risk 3 (calendar),3,calendar
2025-09-29,2025-09-30,re-optimisation,104054.4734366532,1571.1771559916474,1574.324230127673,3.1470741360252177,0.0,6,0.01511468600162709,460.0589759771289,104051.32636251718,Risk 3 (calendar),3,calendar
2025-10-28,2025-10-29,calendar,106485.19577482605,628.6140625301024,827.8289268254174,1.4570722326613557,0.0,3,0.006838711140820547,302.1797198209998,106483.73870259339,Risk 3 (calendar),3,calendar
2025-12-23,2025-12-24,calendar,106487.32204503083,197.56003427059096,0.0,0.19775779206265362,0.0,1,0.0009276223238436203,0.0,106487.12428723877,Risk 3 (calendar),3,calendar
2026-01-09,2026-01-12,calendar,107352.4941696025,269.4859715641377,280.7111723595393,0.5504668996509685,0.0,2,0.002562572710487935,90.4415482459504,107351.94370270285,Risk 3 (calendar),3,calendar
2026-01-23,2026-01-26,calendar,106969.09635060169,10.664059161854897,0.0,0.010674733895750648,0.0,1,4.9846448767326214e-05,0.0,106969.0856758678,Risk 3 (calendar),3,calendar
2026-02-20,2026-02-23,calendar,107977.46427667749,347.2984362899462,347.99407644876726,0.6956401588210859,0.0,2,0.0032196186370756098,146.9449332005636,107976.76863651867,Risk 3 (calendar),3,calendar
2026-03-20,2026-03-23,calendar,105292.34338076485,647.0355133655474,830.4309100410577,1.4781141066031673,0.0,3,0.007016020234556359,111.11630251981023,105290.86526665825,Risk 3 (calendar),3,calendar
2026-04-21,2026-04-22,calendar,108218.33883137877,837.1262709223591,861.1734007070053,1.6991376358645218,0.0,2,0.007846635283672127,313.12036560362947,108216.63969374291,Risk 3 (calendar),3,calendar
2026-05-06,2026-05-07,calendar,108881.00183881093,316.79943689396197,468.35710843218806,0.7854736618795974,0.0,2,0.0036055718264261915,178.27183913012527,108880.21636514906,Risk 3 (calendar),3,calendar
2026-05-20,2026-05-21,calendar,109443.01100989786,626.040442545423,382.2416143514644,1.0089087240065426,0.0,3,0.004606425059000341,150.10896939574263,109442.00210117386,Risk 3 (calendar),3,calendar
2026-06-04,2026-06-05,calendar,109977.72479921771,0.0,309.94575330388597,0.30994575330388596,0.0,1,0.0014091296845326748,124.43024640295707,109977.41485346442,Risk 3 (calendar),3,calendar
2026-06-18,2026-06-19,calendar,110657.5136642952,380.3237400430334,0.0,0.38070444448752094,0.0,1,0.0017184722819492955,0.0,110657.1329598507,Risk 3 (calendar),3,calendar
2026-07-30,2026-07-31,calendar,110041.96781157986,445.81615527435923,407.71065707143043,0.8539730747634817,0.0,2,0.0038781877011107575,57.64870543446574,110041.1138385051,Risk 3 (calendar),3,calendar
2026-08-13,2026-08-14,calendar,111333.03335688205,433.3433375412903,746.8187263790984,1.1805958410350446,0.0,2,0.005300143310284813,305.7531809908331,111331.852761041,Risk 3 (calendar),3,calendar
2026-09-11,2026-09-14,calendar,110427.00178059531,651.6609580603674,429.7305359206361,1.082043807252335,0.0,3,0.004896408833636513,61.74259365755802,110425.91973678807,Risk 3 (calendar),3,calendar
2021-09-27,2021-09-28,initial,100000.0,99899.99999999999,0.0,100.0,0.0,9,0.49949999999999994,0.0,99900.0,Risk 5 (bands),5,bands
2022-03-31,2022-04-01,portfolio drift 3.2% exceeds 3%,100703.67986460922,3109.5895764633733,3139.665562130813,6.252367840872929,0.0,7,0.031027938338479683,228.77950708733096,100697.42749676835,Risk 5 (bands),5,bands
2022-08-25,2022-08-26,portfolio drift 3.3% exceeds 3%,95001.26916767894,2754.966249773645,2736.6369929137313,5.494360966661123,0.0,5,0.02890278883008709,234.2516017874251,94995.77480671227,Risk 5 (bands),5,bands
2022-09-26,2022-09-27,portfolio drift 4.2% exceeds 3%,84367.24410798852,3172.0415575694087,3178.395169513266,6.353611943857018,0.0,6,0.03763567717676207,-67.95628842853529,84360.89049604465,Risk 5 (bands),5,bands
2022-10-10,2022-10-11,re-optimisation,83141.63772092774,54854.400070059746,54964.273653092285,109.87358303253147,0.0,8,0.6604312636453477,-12090.410381228852,83031.76413789521,Risk 5 (bands),5,bands
2022-10-24,2022-10-25,1 holding(s) outside tolerance band: INXG.L,85267.32532444113,968.3529746729314,970.292589559458,1.9396148865293592,0.0,3,0.011368044892084199,-284.85923873278387,85265.38570955461,Risk 5 (bands),5,bands
2023-10-06,2023-10-09,re-optimisation,89103.90429154628,9749.65764888771,9908.125073993318,19.667542139946985,0.0,7,0.11030820074146884,-1989.505190611964,89084.23674940634,Risk 5 (bands),5,bands
2024-05-13,2024-05-14,portfolio drift 3.2% exceeds 3%,99492.92163104368,3036.2209941125666,2903.363735136411,5.942623989503344,0.0,5,0.029849282903135266,652.1480239742714,99486.97900705416,Risk 5 (bands),5,bands
2024-10-02,2024-10-03,re-optimisation,102603.34822277208,3844.8045733122326,3877.2247289778716,7.725877955516643,0.0,6,0.037630493721920545,855.0845839462472,102595.62234481655,Risk 5 (bands),5,bands
2025-09-29,2025-09-30,re-optimisation,113164.07596028851,7309.1556138845735,7299.076885145565,14.615548971116109,0.0,8,0.06454447833849876,2008.1222277036,113149.46041131738,Risk 5 (bands),5,bands
2026-03-06,2026-03-09,1 holding(s) outside tolerance band: SGLN.L,117698.10205900317,2059.6881469601863,2083.957992821771,4.145707889678814,0.0,5,0.017602858785712227,832.0458924451547,117693.95635111349,Risk 5 (bands),5,bands
2026-08-13,2026-08-14,portfolio drift 3.1% exceeds 3%,124427.14075233156,3679.5739210203355,3666.7998400666957,7.35005701826523,0.0,6,0.02952078508221034,1615.5401758088444,124419.7906953133,Risk 5 (bands),5,bands
2021-09-27,2021-09-28,initial,100000.0,99899.99999999999,0.0,100.0,0.0,9,0.49949999999999994,0.0,99900.0,Risk 5 (calendar),5,calendar
2021-10-11,2021-10-12,calendar,99424.98927908727,286.98613663411885,374.62641251003663,0.6618998225541997,0.0,2,0.0033271944706325302,-2.384894324024799,99424.32737926471,Risk 5 (calendar),5,calendar
2021-10-25,2021-10-26,calendar,102018.80943911504,288.10270101962135,587.1299801566578,0.8755210722683909,0.0,2,0.004289565257564681,16.26590984174186,102017.93391804276,Risk 5 (calendar),5,calendar
2021-11-08,2021-11-09,calendar,105320.90497910937,649.2056395257118,485.1131784724012,1.134968673493134,0.0,3,0.005385060156020818,32.804144554459526,105319.77001043588,Risk 5 (calendar),5,calendar
2021-11-22,2021-11-23,calendar,104565.52564514389,296.4904095982318,630.7599415068171,0.927547138301844,0.0,2,0.004433824366989691,48.61459192246059,104564.59809800558,Risk 5 (calendar),5,calendar
2021-12-06,2021-12-07,calendar,106669.68452775366,805.0865963894294,790.9611034851886,1.5968535923634963,0.0,2,0.007481261929950459,66.93758355408067,106668.08767416132,Risk 5 (calendar),5,calendar
2021-12-20,2021-12-21,calendar,104251.6590987822,536.9848203223495,0.0,0.5375223426650145,0.0,1,0.002575425777222102,0.0,104251.12157643952,Risk 5 (calendar),5,calendar
2022-01-06,2022-01-07,calendar,102715.41926256951,754.0046950821734,933.0124777903231,1.6877719323270333,0.0,2,0.008212093106294031,60.28311500380414,102713.73149063718,Risk 5 (calendar),5,calendar
2022-01-20,2022-01-21,calendar,101071.46077226731,506.07281193265027,329.5889695176691,0.8361683608416433,0.0,2,0.004134014562890408,21.714751126695205,101070.62460390647,Risk 5 (calendar),5,calendar
2022-02-03,2022-02-04,calendar,99736.35183047081,0.0,533.7700518511404,0.5337700518511403,0.0,2,0.002675905234424598,-13.716736898779828,99735.81806041895,Risk 5 (calendar),5,calendar
2022-02-17,2022-02-18,calendar,99168.29504067304,398.3780041902819,0.0,0.3987767809712532,0.0,1,0.0020085956102547215,0.0,99167.89626389206,Risk 5 (calendar),5,calendar
2022-03-03,2022-03-04,calendar,99145.41011118246,632.3819413541192,917.9014313053193,1.550916387615749,0.0,3,0.007818230672105438,21.104885369566716,99143.85919479484,Risk 5 (calendar),5,calendar
2022-03-17,2022-03-18,calendar,99509.71029860934,1502.1734232492527,1228.1866444361194,2.7318637447857217,0.0,5,0.013719063493864524,18.173026884840056,99506.97843486456,Risk 5 (calendar),5,calendar
2022-03-31,2022-04-01,calendar,100752.24714519647,807.4424910649294,998.7717115905385,1.8070224533972747,0.0,3,0.00896364227019418,68.77119178776195,100750.44012274308,Risk 5 (calendar),5,calendar
2022-04-14,2022-04-19,calendar,97794.14525709786,609.8865053618174,279.5449173756442,0.8900419197398258,0.0,2,0.004547467644403319,25.83044960698794,97793.25521517811,Risk 5 (calendar),5,calendar
2022-05-17,2022-05-18,calendar,95185.88440361658,480.5699149190348,481.53249838330305,0.9625834642682227,0.0,2,0.005053808237063471,-54.73422179837223,95184.92182015232,Risk 5 (calendar),5,calendar
2022-05-31,2022-06-01,calendar,94781.85764940227,1221.092726105032,1223.5385797259041,2.4458536208720822,0.0,4,0.012896093020637019,-39.05039852375597,94779.4117957814,Risk 5 (calendar),5,calendar
2022-06-16,2022-06-17,calendar,88972.84682131557,360.06252794934187,362.1861997796102,0.7226091506798522,0.0,2,0.00405881543376625,-42.08620101287323,88972.1242121649,Risk 5 (calendar),5,calendar
2022-06-30,2022-07-01,calendar,91938.82325880039,241.07058249988205,242.01757730799685,0.48332947170227314,0.0,2,0.002627226141713956,-4.951062000579412,91938.3399293287,Risk 5 (calendar),5,calendar
2022-07-14,2022-07-15,calendar,92142.02393809853,427.0620054088934,435.67826197972437,0.8631677568835215,0.0,3,0.00468157866799307,5.9897330344646775,92141.16077034165,Risk 5 (calendar),5,calendar
2022-07-28,2022-07-29,calendar,95599.29753244424,278.5181251307538,408.82638105646697,0.6876233031092736,0.0,2,0.003594924460370389,19.93348675985078,95598.60990914112,Risk 5 (calendar),5,calendar
2022-08-11,2022-08-12,calendar,96260.269984878,875.9580303113829,746.1717686027038,1.6230066337792632,0.0,4,0.008425749268981455,64.11464690402465,96258.64697824423,Risk 5 (calendar),5,calendar
2022-08-25,2022-08-26,calendar,94996.48285675858,914.7092398163883,908.7043879589344,1.8243292526400037,0.0,4,0.009597269145873409,76.17048231794365,94994.65852750595,Risk 5 (calendar),5,calendar
2022-09-09,2022-09-12,calendar,92995.69742836316,703.5121119354754,707.1717184882161,1.4113880467519553,0.0,2,0.007584672567837752,64.29303275768018,92994.28604031641,Risk 5 (calendar),5,calendar
2022-09-26,2022-09-27,calendar,84127.14743274596,2513.947384532784,2516.7323622374133,5.033196210618578,0.0,7,0.029899264983350885,-50.5286851321801,84122.11423653534,Risk 5 (calendar),5,calendar
2022-10-10,2022-10-11,re-optimisation,82908.58463230713,54552.132193688274,54661.40033295385,109.26813926557475,0.0,7,0.6586382641254539,-12397.850911650945,82799.31649304157,Risk 5 (calendar),5,calendar
2022-10-24,2022-10-25,calendar,85028.39574539792,965.5256154754395,967.4595671501736,1.9339516747331964,0.0,3,0.011366703826881468,-297.824704250781,85026.46179372318,Risk 5 (calendar),5,calendar
2022-11-07,2022-11-08,calendar,85325.15722738663,503.4186391971774,608.2464648019161,1.1121690265608524,0.0,3,0.006514286876943982,-0.8952819086149759,85324.04505836008,Risk 5 (calendar),5,calendar
2022-11-21,2022-11-22,calendar,86476.993892444,103.61194092159951,0.0,0.10371565657817769,0.0,1,0.0005990722865000785,0.0,86476.89017678743,Risk 5 (calendar),5,calendar
2022-12-05,2022-12-06,calendar,85625.63510069757,290.31581092228004,291.3472449979765,0.5819536623375962,0.0,3,0.003396547396327095,-18.67235528082665,85625.05314703523,Risk 5 (calendar),5,calendar
2022-12-19,2022-12-20,calendar,84317.8803626555,597.1941058703479,597.9403577124697,1.1957322554805856,0.0,3,0.007087076065257354,-21.79962221282682,84316.68463040004,Risk 5 (calendar),5,calendar
2023-01-05,2023-01-06,calendar,85820.44768447994,660.8209634785148,664.9321332260237,1.326414579150463,0.0,5,0.007723993130277578,1.2144817399485248,85819.12126990077,Risk 5 (calendar),5,calendar
2023-01-19,2023-01-20,calendar,85944.10565170646,483.82712112744537,482.0086860777247,0.96632011863773,0.0,4,0.005618976425906836,18.97890202575317,85943.13933158782,Risk 5 (calendar),5,calendar
2023-02-02,2023-02-03,calendar,89196.10550163026,1088.0932799446034,1105.7926584151242,2.194975120822135,0.0,3,0.01229810385790683,69.31432706402052,89193.91052650943,Risk 5 (calendar),5,calendar
2023-02-16,2023-02-17,calendar,87991.44247313979,352.6665970637081,337.853066397087,0.6908726830774754,0.0,2,0.003923788746113479,14.426129145217317,87990.75160045672,Risk 5 (calendar),5,calendar
2023-03-02,2023-03-03,calendar,87546.95968124206,561.3228593887669,564.7490775102856,1.1266338216431855,0.0,3,0.006431245248259183,21.80638752616636,87545.83304742041,Risk 5 (calendar),5,calendar
2023-03-16,2023-03-17,calendar,86197.11535065043,513.504076949481,542.1136278849319,1.0561317229294576,0.0,3,0.006123277446931682,-29.693367116196782,86196.05921892749,Risk 5 (calendar),5,calendar
2023-04-17,2023-04-18,calendar,88079.89390159388,358.5744506522525,579.462715439868,0.9383960994761568,0.0,3,0.005324922207218656,37.216605867688855,88078.9555054944,Risk 5 (calendar),5,calendar
2023-05-02,2023-05-03,calendar,87609.34502969989,295.01721737605516,262.15756526806877,0.5574700951740299,0.0,2,0.0031798821373178834,-12.462805544499588,87608.78755960472,Risk 5 (calendar),5,calendar
2023-05-17,2023-05-18,calendar,88131.06225710236,216.16936424737824,0.0,0.21638574999737561,0.0,1,0.0012264084802288734,0.0,88130.84587135236,Risk 5 (calendar),5,calendar
2023-06-01,2023-06-02,calendar,88596.87589866709,237.47501717517025,660.7837572248742,0.8984964871299495,0.0,2,0.0050693591917813806,39.881194038058084,88595.97740217995,Risk 5 (calendar),5,calendar
2023-06-15,2023-06-16,calendar,88927.03151580735,661.4366724168164,470.96178485414424,1.1330605560421485,0.0,3,0.006367009209509425,31.509964506985625,88925.89845525131,Risk 5 (calendar),5,calendar
2023-06-29,2023-06-30,calendar,89302.85293228216,230.5714931484159,0.0,0.23080229544385975,0.0,1,0.0012909525596189908,0.0,89302.6221299867,Risk 5 (calendar),5,calendar
2023-07-27,2023-07-28,calendar,90341.42048573356,478.7814394301737,561.2333291569265,1.0404940292872307,0.0,3,0.0057560239976043774,54.9243263918155,90340.37999170426,Risk 5 (calendar),5,calendar
2023-08-24,2023-08-25,calendar,88996.3269846266,0.0,435.53037822354474,0.43553037822354473,0.0,1,0.002446900860856758,15.009559575057835,88995.89145424838,Risk 5 (calendar),5,calendar
2023-09-08,2023-09-11,calendar,89892.00611165968,239.64727139445023,292.27361987226396,0.5321607784252672,0.0,2,0.0029586662611911607,29.429699752687668,89891.47395088126,Risk 5 (calendar),5,calendar
2023-10-06,2023-10-09,re-optimisation,89005.40659195429,10180.340142774696,10000.099928233107,20.19063060168125,0.0,7,0.11336637202010169,-2108.8358033869467,88985.21596135262,Risk 5 (calendar),5,calendar
2023-10-20,2023-10-23,calendar,88150.30203494793,260.39024761222043,0.0,0.26065089851073114,0.0,1,0.0014769674158858043,0.0,88150.04138404944,Risk 5 (calendar),5,calendar
2023-11-17,2023-11-20,calendar,91174.85567381918,478.2396817213704,615.9547666022718,1.0946731667237637,0.0,3,0.006000527449355971,61.9443668094429,91173.76100065246,Risk 5 (calendar),5,calendar
2023-12-15,2023-12-18,calendar,93409.51110878112,423.74448782848106,254.13261349119588,0.6783012699761619,0.0,2,0.003628522905607799,18.435323341033495,93408.83280751113,Risk 5 (calendar),5,calendar
2024-01-17,2024-01-18,calendar,93189.33485881492,530.2298158543936,468.54244385318333,0.9993030202840076,0.0,3,0.005358833503966691,68.98489198346408,93188.33555579465,Risk 5 (calendar),5,calendar
2024-01-31,2024-02-01,calendar,94522.47576457787,0.0,276.31410784990453,0.2763141078499045,0.0,1,0.001461631773897382,45.1130411263905,94522.19945047001,Risk 5 (calendar),5,calendar
2024-02-14,2024-02-15,calendar,95807.19649840926,995.9334467484543,731.1915831814639,1.728121960307044,0.0,4,0.009013545396658143,143.71194340534214,95805.46837644896,Risk 5 (calendar),5,calendar
2024-03-13,2024-03-14,calendar,97036.1099740211,269.20169827696816,248.99010266072352,0.5184612721071381,0.0,2,0.0026700977660606144,39.76409800321508,97035.591512749,Risk 5 (calendar),5,calendar
2024-03-27,2024-03-28,calendar,98550.01917674113,283.54665747378453,529.2781070117317,0.8131085949734779,0.0,2,0.004123919869704864,122.6355880789751,98549.20606814616,Risk 5 (calendar),5,calendar
2024-04-12,2024-04-15,calendar,97832.45024203087,244.67342260203074,0.0,0.24491834094297374,0.0,1,0.0012504717095234005,0.0,97832.20532368994,Risk 5 (calendar),5,calendar
2024-04-26,2024-04-29,calendar,97724.94672890633,277.5621320938159,549.9507720176473,0.8277907440835292,0.0,3,0.004233887721663453,70.80863242197458,97724.11893816224,Risk 5 (calendar),5,calendar
2024-05-13,2024-05-14,calendar,99272.37695833639,271.2892883305682,0.0,0.27156084917974793,0.0,1,0.0013663885999447034,0.0,99272.10539748722,Risk 5 (calendar),5,calendar
2024-06-11,2024-06-12,calendar,99970.49374498348,0.0,304.32010084658225,0.30432010084658223,0.0,1,0.0015220496040705663,75.42497710275404,99970.18942488263,Risk 5 (calendar),5,calendar
2024-06-25,2024-06-26,calendar,100740.6729133312,268.6938453199672,411.7987927198388,0.680761600847934,0.0,2,0.0033774473524970624,108.67803295345868,100739.99215173036,Risk 5 (calendar),5,calendar
2024-07-09,2024-07-10,calendar,101178.48228052477,288.9632156896674,313.21976197288046,0.6024722301307056,0.0,2,0.0029758450813333575,84.36554150099767,101177.87980829465,Risk 5 (calendar),5,calendar
2024-07-23,2024-07-24,calendar,100070.30535158621,262.10019275280655,0.0,0.2623625553081147,0.0,1,0.0013095802587588087,0.0,100070.04298903089,Risk 5 (calendar),5,calendar
2024-08-06,2024-08-07,calendar,99866.73614740734,1284.702253174369,1079.3360922182762,2.365324333634061,0.0,4,0.011835964789633401,44.5803948280186,99864.37082307372,Risk 5 (calendar),5,calendar
2024-08-20,2024-08-21,calendar,101526.26119705803,581.5914590293717,582.7563890510847,1.1649300217131184,0.0,3,0.005734220064602341,146.44955472387,101525.09626703631,Risk 5 (calendar),5,calendar
2024-10-02,2024-10-03,re-optimisation,102407.34704109146,4077.148492409521,4209.2560899725095,8.290485812104164,0.0,7,0.040458057072101816,804.1014429850256,102399.05655527937,Risk 5 (calendar),5,calendar
2024-10-16,2024-10-17,calendar,103731.15776821696,725.566465454136,849.1108880582435,1.5754036462705918,0.0,3,0.007590184990660819,244.09719068395702,103729.58236457067,Risk 5 (calendar),5,calendar
2024-11-13,2024-11-14,calendar,104547.18851328963,1409.8183945021449,1471.6766321523016,2.8829062562785728,0.0,5,0.013780834605074828,468.3669087039848,104544.30560703336,Risk 5 (calendar),5,calendar
2024-11-27,2024-11-28,calendar,105335.3849270034,287.03923746671285,0.0,0.28732656403074364,0.0,1,0.0013625014882967807,0.0,105335.09760043936,Risk 5 (calendar),5,calendar
2025-01-13,2025-01-14,calendar,105743.15129744064,17.417463173784114,0.0,0.01743489807185597,0.0,1,8.235740546823329e-05,0.0,105743.13386254257,Risk 5 (calendar),5,calendar
2025-01-27,2025-01-28,calendar,107363.38411199127,0.0,391.3899614640489,0.39138996146404886,0.0,1,0.0018227348397279845,69.12146661227109,107362.9927220298,Risk 5 (calendar),5,calendar
2025-02-10,2025-02-11,calendar,108323.41379752933,911.004408040028,636.6513497523415,1.548567674116734,0.0,4,0.007143680685161664,126.30351291955404,108321.8652298552,Risk 5 (calendar),5,calendar
2025-02-24,2025-02-25,calendar,107042.75736820058,114.98184859524068,0.0,0.11509694554078147,0.0,1,0.0005370837384155361,0.0,107042.64227125504,Risk 5 (calendar),5,calendar
2025-03-10,2025-03-11,calendar,103861.73596559487,2069.2254842464527,2073.3701511786585,4.144666932206139,0.0,4,0.019942838413549064,195.14902711246236,103857.59129866266,Risk 5 (calendar),5,calendar
2025-03-24,2025-03-25,calendar,105422.16902955565,0.0,264.62606318095607,0.26462606318095605,0.0,1,0.0012550778722204379,70.22978388489088,105421.90440349246,Risk 5 (calendar),5,calendar
2025-04-07,2025-04-08,calendar,101025.84999796849,2817.426243095386,2913.3250223537784,5.733571511938749,0.0,6,0.02836279657911516,219.65928749433257,101020.11642645655,Risk 5 (calendar),5,calendar
2025-04-23,2025-04-24,calendar,102880.8934927356,1056.1411539116698,706.5760271606424,1.7637743794245764,0.0,4,0.008566785927052515,126.55719035088757,102879.12971835618,Risk 5 (calendar),5,calendar
2025-05-08,2025-05-09,calendar,104714.70169331136,907.1418569091501,944.2522229103461,1.8523021297263123,0.0,3,0.008840182180157773,208.26568094444667,104712.84939118165,Risk 5 (calendar),5,calendar
2025-05-22,2025-05-23,calendar,105084.09901060743,456.22845701461335,418.64798253405786,0.875333124690828,0.0,3,0.004162744162941147,95.11961473870389,105083.22367748275,Risk 5 (calendar),5,calendar
2025-06-06,2025-06-09,calendar,106636.17520221877,282.0543294187811,282.6192853702362,0.5649559514551021,0.0,2,0.0026476644240015284,76.75522984593545,106635.61024626732,Risk 5 (calendar),5,calendar
2025-06-20,2025-06-23,calendar,106880.03874552854,0.0,299.2655716870712,0.29926557168707124,0.0,1,0.0014000068450554868,75.62154915424964,106879.73947995684,Risk 5 (calendar),5,calendar
2025-07-04,2025-07-07,calendar,108212.79719421582,370.63511674883415,600.9577580899058,0.9719638809616117,0.0,2,0.004489269753811861,165.6957096149613,108211.82523033484,Risk 5 (calendar),5,calendar
2025-07-18,2025-07-21,calendar,109568.45033396507,725.7585652557709,483.33874957299844,1.2098237998790755,0.0,3,0.005517543193973429,141.82095934199623,109567.2405101652,Risk 5 (calendar),5,calendar
2025-08-15,2025-08-18,calendar,110401.66059051533,284.4026567487499,0.0,0.28468734409284274,0.0,1,0.0012880361365378915,0.0,110401.37590317123,Risk 5 (calendar),5,calendar
2025-09-01,2025-09-02,calendar,110533.35068330153,0.0,311.4532857854237,0.3114532857854237,0.0,1,0.0014088656675114958,95.06026798287786,110533.03923001574,Risk 5 (calendar),5,calendar
2025-09-15,2025-09-16,calendar,111832.93094347451,310.83069066713864,0.0,0.3111418324996383,0.0,1,0.001389710025682179,0.0,111832.61980164201,Risk 5 (calendar),5,calendar
2025-09-29,2025-09-30,re-optimisation,113187.0509114505,5132.011255915345,5142.290695014679,10.279439099334343,0.0,6,0.04538638416760195,1132.2651518365742,113176.77147235115,Risk 5 (calendar),5,calendar
2025-10-13,2025-10-14,calendar,114316.2345674255,311.0694624782298,311.9639226958485,0.6233447660173999,0.0,2,0.002725043330597998,100.90658481086277,114315.61122265949,Risk 5 (calendar),5,calendar
2025-10-28,2025-10-29,calendar,116684.56403030019,673.9509411515337,679.6464618514501,1.354272028569702,0.0,3,0.005800241935392101,249.2682913896072,116683.20975827162,Risk 5 (calendar),5,calendar
2025-11-25,2025-11-26,calendar,116397.98291820221,4.607751758824805,0.0,0.0046123641229477525,0.0,1,1.979309109704619e-05,0.0,116397.97830583809,Risk 5 (calendar),5,calendar
2025-12-23,2025-12-24,calendar,116850.1573607673,534.4486725160413,538.0204325887921,1.0730040887610057,0.0,2,0.004589078565780851,161.44284320861595,116849.08435667855,Risk 5 (calendar),5,calendar
2026-01-09,2026-01-12,calendar,118180.39458023892,387.5667150631759,386.6397523184461,0.7745944220513549,0.0,3,0.00327552835701514,123.65495567698042,118179.61998581687,Risk 5 (calendar),5,calendar
2026-01-23,2026-01-26,calendar,117927.65748158537,529.1439973756763,892.6619306716555,1.4223356017183786,0.0,3,0.006028297171379621,332.5940040378531,117926.23514598365,Risk 5 (calendar),5,calendar
2026-02-20,2026-02-23,calendar,119340.87850723726,362.529903714958,0.0,0.36289279651146944,0.0,2,0.0015188840079343512,0.0,119340.51561444074,Risk 5 (calendar),5,calendar
2026-03-20,2026-03-23,calendar,115196.09111203188,383.79237666257023,783.3728763141721,1.167549429529958,0.0,2,0.0050659933063251115,97.43547928385226,115194.92356260234,Risk 5 (calendar),5,calendar
2026-04-07,2026-04-08,calendar,118073.92389676083,380.66112768319505,0.0,0.3810421698530481,0.0,1,0.0016119610288213599,0.0,118073.54285459097,Risk 5 (calendar),5,calendar
2026-04-21,2026-04-22,calendar,119880.09221931819,1630.508840315414,1619.0719892055258,3.2512129705022366,0.0,6,0.013553463170414892,564.8745985258888,119876.84100634769,Risk 5 (calendar),5,calendar
2026-05-06,2026-05-07,calendar,120931.79779847113,702.7404564299566,704.024238434508,1.407468138764795,0.0,3,0.005816355666889166,266.5810408349373,120930.39033033236,Risk 5 (calendar),5,calendar
2026-05-20,2026-05-21,calendar,121585.97181185633,398.59450393960464,630.7320685772324,1.0297255660142741,0.0,2,0.004232916664554156,246.46902544057377,121584.94208629032,Risk 5 (calendar),5,calendar
2026-06-04,2026-06-05,calendar,122140.46459541128,699.4430236748028,482.0647931889285,1.1822079600305728,0.0,3,0.004836676447799101,192.6069242925064,122139.28238745124,Risk 5 (calendar),5,calendar
2026-06-18,2026-06-19,calendar,122978.49886573735,328.2365096764691,313.7724163874793,0.6423374911386996,0.0,2,0.0026102486694233686,97.0346725686797,122977.85652824621,Risk 5 (calendar),5,calendar
2026-07-30,2026-07-31,calendar,121862.45842153608,665.905788199098,1085.9107010387033,1.7524830615983609,0.0,4,0.007187679093006926,327.0364940243322,121860.70593847448,Risk 5 (calendar),5,calendar
2026-08-13,2026-08-14,calendar,124181.03125733534,571.8207937475397,1085.0420200066612,1.6574352069411353,0.0,2,0.006671159020739451,443.3239399063642,124179.3738221284,Risk 5 (calendar),5,calendar
2026-08-27,2026-08-28,calendar,124430.51341976086,454.8583039013949,0.0,0.4553136175189138,0.0,1,0.0018277602952860544,0.0,124430.05810614333,Risk 5 (calendar),5,calendar
2026-09-11,2026-09-14,calendar,122914.69030248436,352.70414012126474,387.32079014433805,0.7403779874629214,0.0,2,0.003010319305383489,51.35720204632827,122913.9499244969,Risk 5 (calendar),5,calendar
2021-09-27,2021-09-28,initial,100000.0,99900.0,0.0,100.0,0.0,7,0.4995,0.0,99900.0,Risk 7 (bands),7,bands
2022-03-31,2022-04-01,portfolio drift 3.1% exceeds 3%,103118.00158832561,2925.6362085895294,2931.496269632525,5.860061042995418,0.0,6,0.028400145406256416,213.60185680098056,103112.14152728261,Risk 7 (bands),7,bands
2022-08-25,2022-08-26,portfolio drift 3.7% exceeds 3%,98671.24831927857,3551.2569794873907,3636.3306853581153,7.191142476636784,0.0,6,0.03642189486438869,300.78589880566744,98664.05717680194,Risk 7 (bands),7,bands
2022-09-26,2022-09-27,portfolio drift 3.8% exceeds 3%,88789.85919972576,3305.126183532944,3236.3929017086866,6.5448275198597825,0.0,6,0.03683708446100247,128.19636987197183,88783.3143722059,Risk 7 (bands),7,bands
2022-10-10,2022-10-11,re-optimisation,86826.95982201044,67869.2537168779,68002.58904277849,135.93977995056417,0.0,10,0.7824288852113717,-12754.24221025346,86691.02004205987,Risk 7 (bands),7,bands
2023-10-06,2023-10-09,re-optimisation,93667.0984968341,3435.0946625159127,3638.8045518582962,7.077337747569921,0.0,8,0.03776085374638408,146.61616930198153,93660.02115908654,Risk 7 (bands),7,bands
2024-04-12,2024-04-15,portfolio drift 3.0% exceeds 3%,105524.50348386343,3180.1159339044016,3034.204844714015,6.2175040778515545,0.0,6,0.02944491835286719,700.2885146928559,105518.28597978558,Risk 7 (bands),7,bands
2024-10-02,2024-10-03,re-optimisation,110940.2731096749,2619.8818422162317,2586.0415117417724,5.208545858304567,0.0,2,0.023462730025963874,253.96429944797637,110935.0645638166,Risk 7 (bands),7,bands
2025-09-29,2025-09-30,re-optimisation,125493.28862075116,3428.23392119272,3430.298847421559,6.861964434201059,0.0,5,0.02732629307907138,1457.0589239542153,125486.42665631697,Risk 7 (bands),7,bands
2026-03-06,2026-03-09,1 holding(s) outside tolerance band: SGLN.L,130956.92881284498,2419.594969359314,2423.782725282493,4.845799711628152,0.0,5,0.01849225443261442,1376.674407214229,130952.08301313334,Risk 7 (bands),7,bands
2026-07-16,2026-07-17,1 holding(s) outside tolerance band: SGLN.L,138176.70722982415,3419.0895411746333,3425.9379912190807,6.848450044446942,0.0,5,0.024769107867828388,1453.1099122792136,138169.8587797797,Risk 7 (bands),7,bands
2021-09-27,2021-09-28,initial,100000.0,99900.0,0.0,100.0,0.0,7,0.4995,0.0,99900.0,Risk 7 (calendar),7,calendar
2021-10-11,2021-10-12,calendar,99576.20848853962,328.5679313862234,365.69979154750416,0.694596619761942,0.0,2,0.0034861124633683554,-2.3280669168923964,99575.51389191985,Risk 7 (calendar),7,calendar
2021-10-25,2021-10-26,calendar,102661.27192806144,365.9759821413294,504.6547774054602,0.8709971018712553,0.0,2,0.0042403076797883086,13.984025598970788,102660.40093095956,Risk 7 (calendar),7,calendar
2021-11-08,2021-11-09,calendar,106414.50960222253,0.0,279.70067408858915,0.2797006740885891,0.0,1,0.0013142036510533682,18.913815892766593,106414.22990154845,Risk 7 (calendar),7,calendar
2021-11-22,2021-11-23,calendar,105914.00527413923,447.6041177018013,707.9186613996934,1.1559708312713664,0.0,2,0.005455004633762236,54.561449726858655,105912.84930330797,Risk 7 (calendar),7,calendar
2021-12-06,2021-12-07,calendar,108148.16069408625,1534.8291695391042,853.8014856328093,2.3901670207069876,0.0,4,0.01104332537808259,71.91860680072523,108145.77052706553,Risk 7 (calendar),7,calendar
2021-12-20,2021-12-21,calendar,105467.7959850027,333.52911503013047,308.70886986266214,0.6425718478708008,0.0,2,0.003044711321094249,22.370588773249324,105467.15341315485,Risk 7 (calendar),7,calendar
2022-01-06,2022-01-07,calendar,104118.07251534428,985.1752963374144,1078.7600359788257,2.0649214937740354,0.0,3,0.009911513354283762,59.59915807578835,104116.00759385049,Risk 7 (calendar),7,calendar
2022-01-20,2022-01-21,calendar,102040.63349959115,454.91295986148975,360.2648348343181,0.8156331630239975,0.0,2,0.003994378350753154,23.735810211050705,102039.81786642813,Risk 7 (calendar),7,calendar
2022-02-03,2022-02-04,calendar,101151.28805065947,257.13849451709683,287.54070942843174,0.5449365998359361,0.0,2,0.0026923987545899447,-6.606030547514308,101150.74311405962,Risk 7 (calendar),7,calendar
2022-02-17,2022-02-18,calendar,100266.64438120778,324.273838504191,295.0361948244576,0.6196346317655897,0.0,2,0.0030883153472957016,-1.2956234929986863,100266.02474657602,Risk 7 (calendar),7,calendar
2022-03-03,2022-03-04,calendar,99962.4274450674,906.1782458133199,1246.0588274211568,2.1531441585656212,0.0,4,0.010765230138179671,58.278627764199086,99960.27430090883,Risk 7 (calendar),7,calendar
2022-03-17,2022-03-18,calendar,101444.25867378036,1566.7915682207406,1239.3000447943894,2.807659972943279,0.0,5,0.013830706881297375,11.408014629858485,101441.45101380743,Risk 7 (calendar),7,calendar
2022-03-31,2022-04-01,calendar,103231.23379005553,863.5710323959008,1059.3217328251005,1.9237572006888652,0.0,3,0.009313522151307648,73.37939159122084,103229.31003285485,Risk 7 (calendar),7,calendar
2022-04-14,2022-04-19,calendar,100502.2106225491,497.00550359884573,296.54435368064435,0.7940473602860955,0.0,2,0.0039479224007309835,27.40122788099768,100501.4165751888,Risk 7 (calendar),7,calendar
2022-05-17,2022-05-18,calendar,97114.76527693047,426.1547977080639,427.0083874746257,0.8535897665617767,0.0,2,0.004392551342475199,-48.59858038192243,97113.9116871639,Risk 7 (calendar),7,calendar
2022-05-31,2022-06-01,calendar,97194.88559009896,1039.3779665646184,1041.4598447943622,2.08187822974393,0.0,4,0.010704461447357016,19.879514635754845,97192.80371186922,Risk 7 (calendar),7,calendar
2022-06-16,2022-06-17,calendar,90730.03239435235,1050.5003768095935,1059.0109085106906,2.1105628372490224,0.0,5,0.011625209589650682,-52.16661564887872,90727.92183151511,Risk 7 (calendar),7,calendar
2022-06-30,2022-07-01,calendar,93997.41722032319,472.1178794260498,780.4240423807286,1.2530145122766743,0.0,2,0.006662640096115142,-15.24763567067123,93996.16420581093,Risk 7 (calendar),7,calendar
2022-07-14,2022-07-15,calendar,94472.37527158992,0.0,616.6125969391189,0.6166125969391189,0.0,1,0.0032634545027923575,9.025371660906785,94471.75865899297,Risk 7 (calendar),7,calendar
2022-07-28,2022-07-29,calendar,98084.16019454614,623.3537258606486,434.2976332810397,1.0582753368452524,0.0,3,0.00539155026175418,21.54776272950079,98083.10191920931,Risk 7 (calendar),7,calendar
2022-08-11,2022-08-12,calendar,99569.01355074251,718.7340724253609,731.5049606879097,1.450958486639222,0.0,3,0.007282582107606185,63.45704321341486,99567.56259225588,Risk 7 (calendar),7,calendar
2022-08-25,2022-08-26,calendar,98654.63361858604,1258.422918807971,951.3526314992275,2.211035232908608,0.0,4,0.011199552769363729,80.53095379894717,98652.42258335314,Risk 7 (calendar),7,calendar
2022-09-09,2022-09-12,calendar,97106.76578489448,1218.9741756382057,1081.0924320063461,2.30128680201456,0.0,4,0.011842978133673672,65.79187710849232,97104.46449809245,Risk 7 (calendar),7,calendar
2022-09-26,2022-09-27,calendar,88538.52807395978,2130.731505164256,1836.5681202036576,3.9694324897374473,0.0,4,0.02240436853690333,67.98266589617901,88534.55864147005,Risk 7 (calendar),7,calendar
2022-10-10,2022-10-11,re-optimisation,86567.17406351744,67751.57815510819,67884.22428386267,135.70362183652352,0.0,10,0.7834135970492119,-13150.273952496265,86431.47044168091,Risk 7 (calendar),7,calendar
2022-10-24,2022-10-25,calendar,87941.7137158172,316.95314562554717,634.547534753172,0.9518179507947608,0.0,2,0.005409837039641304,18.02641253926538,87940.76189786641,Risk 7 (calendar),7,calendar
2022-11-07,2022-11-08,calendar,88516.81318354902,603.0697166590163,711.741117823006,1.3154145078720714,0.0,3,0.007426898840989803,-6.97968160766024,88515.49776904113,Risk 7 (calendar),7,calendar
2022-11-21,2022-11-22,calendar,89527.64393714872,423.5745592751068,0.0,0.4239985578329397,0.0,2,0.0023656076528299447,0.0,89527.21993859089,Risk 7 (calendar),7,calendar
2022-12-05,2022-12-06,calendar,88297.63200004888,497.45294857802486,595.1537805807376,1.0931046800582398,0.0,3,0.006187066993813365,3.2471610624376694,88296.53889536881,Risk 7 (calendar),7,calendar
2022-12-19,2022-12-20,calendar,86989.93598935934,669.9057727605508,574.543164951958,1.2451195140616185,0.0,3,0.0071528328165727725,7.234262514033958,86988.69086984528,Risk 7 (calendar),7,calendar
2023-01-05,2023-01-06,calendar,89013.77968495392,570.5606899236282,576.2932063495294,1.147425028094903,0.0,4,0.0064420020154868874,40.001278880599614,89012.63225992583,Risk 7 (calendar),7,calendar
2023-01-19,2023-01-20,calendar,88983.92319611103,274.851012510045,270.8118591099974,0.5459379977586911,0.0,2,0.0030660756011929246,8.462093272597883,88983.37725811328,Risk 7 (calendar),7,calendar
2023-02-02,2023-02-03,calendar,93079.21742978506,1169.7051828336955,1188.7320945070744,2.3596081533996625,0.0,3,0.012668978868026438,74.37157380338454,93076.85782163165,Risk 7 (calendar),7,calendar
2023-02-16,2023-02-17,calendar,91905.61747976429,295.5189732352608,279.4269114147194,0.5752416994380034,0.0,2,0.0031279148131319137,11.897361358875457,91905.04223806485,Risk 7 (calendar),7,calendar
2023-03-02,2023-03-03,calendar,91537.54758779946,258.5929985491528,261.4248121002046,0.520276662499757,0.0,2,0.002840461779635157,19.456178218861254,91537.02731113696,Risk 7 (calendar),7,calendar
2023-03-16,2023-03-17,calendar,89346.31817000292,851.2781492808075,1167.9395358405775,2.0200698154009453,0.0,5,0.011299949043671481,54.456868817690946,89344.29810018752,Risk 7 (calendar),7,calendar
2023-03-30,2023-03-31,calendar,91090.74831276231,0.0,260.4261758902781,0.2604261758902781,0.0,1,0.001429487520489449,16.605880314933728,91090.48788658643,Risk 7 (calendar),7,calendar
2023-04-17,2023-04-18,calendar,92103.72538330329,576.5414847439617,0.0,0.577118603347309,0.0,2,0.0031298488869185206,0.0,92103.14826469994,Risk 7 (calendar),7,calendar
2023-06-01,2023-06-02,calendar,92858.3000318401,0.0,543.2253578109475,0.5432253578109475,0.0,1,0.0029250231676903487,33.06180434517836,92857.75680648228,Risk 7 (calendar),7,calendar
2023-06-15,2023-06-16,calendar,93095.56793505614,318.21001224316706,562.5900643178352,0.8811186051017863,0.0,2,0.004730623036616802,37.92401834296879,93094.68681645105,Risk 7 (calendar),7,calendar
2023-06-29,2023-06-30,calendar,93471.82797810201,324.72789981548374,325.0557052408262,0.6501086580090782,0.0,2,0.0034758259205572464,25.829266242006668,93471.177869444,Risk 7 (calendar),7,calendar
2023-07-13,2023-07-14,calendar,92794.50472901047,330.2200924355986,0.0,0.33055064307867726,0.0,1,0.001779308448274747,0.0,92794.1741783674,Risk 7 (calendar),7,calendar
2023-07-27,2023-07-28,calendar,94894.14845180592,705.2783278590834,673.7889201757316,1.3797732323469862,0.0,3,0.007266345030406194,65.91378322764683,94892.76867857357,Risk 7 (calendar),7,calendar
2023-08-24,2023-08-25,calendar,93199.12232629335,363.44517801614586,300.05332853983674,0.6638623155429857,0.0,2,0.0035595748650564083,10.166613994114925,93198.4584639778,Risk 7 (calendar),7,calendar
2023-09-08,2023-09-11,calendar,94545.74708492821,0.0,319.1927369263784,0.31919273692637845,0.0,1,0.0016880332895336642,32.128138538825624,94545.42789219128,Risk 7 (calendar),7,calendar
2023-09-22,2023-09-25,calendar,94342.25181062444,318.01538208996357,0.0,0.3183337158057693,0.0,1,0.0016854345533765921,0.0,94341.93347690863,Risk 7 (calendar),7,calendar
2023-10-06,2023-10-09,re-optimisation,93541.177452874,3015.707229923845,3012.094256242494,6.030820212122218,0.0,4,0.03222004282126522,80.65953921542268,93535.14663266187,Risk 7 (calendar),7,calendar
2023-10-20,2023-10-23,calendar,92776.9665494613,515.0783648194522,318.9626244714889,0.8345565832497193,0.0,3,0.004494870980968626,38.83345891429832,92776.13199287807,Risk 7 (calendar),7,calendar
2023-11-17,2023-11-20,calendar,96087.01476198318,526.2973206194353,640.1665158425637,1.1669906606067633,0.0,4,0.006069830764081092,61.54440465149588,96085.84777132259,Risk 7 (calendar),7,calendar
2023-12-15,2023-12-18,calendar,98529.66969755017,264.76613785630104,0.0,0.2650311690253263,0.0,2,0.0013435858390119222,0.0,98529.40466638115,Risk 7 (calendar),7,calendar
2024-01-17,2024-01-18,calendar,98271.1535541628,256.7803241096323,629.1507763410965,0.8861881378121998,0.0,2,0.004507584720486882,92.70964805913536,98270.267366025,Risk 7 (calendar),7,calendar
2024-01-31,2024-02-01,calendar,99885.82053304603,284.6594963682567,251.8764353823518,0.5368208761914175,0.0,2,0.002685746229481601,41.15377561706234,99885.28371216984,Risk 7 (calendar),7,calendar
2024-02-14,2024-02-15,calendar,101708.9726334624,725.1774721593679,867.4573692055641,1.593360744740467,0.0,3,0.007829372375554568,170.59549106936208,101707.37927271766,Risk 7 (calendar),7,calendar
2024-02-28,2024-02-29,calendar,102543.39064639961,292.3193639414879,0.0,0.2926119759174053,0.0,1,0.0014253447350375452,0.0,102543.09803442369,Risk 7 (calendar),7,calendar
2024-03-27,2024-03-28,calendar,105635.21210656688,694.3927684996822,569.6031791658548,1.264691035521893,0.0,4,0.005982834333642428,117.35683544823647,105633.94741553138,Risk 7 (calendar),7,calendar
2024-04-12,2024-04-15,calendar,105285.54757099542,0.0,524.3122942363242,0.5243122942363242,0.0,1,0.0024899537796617983,124.32068573708113,105285.02325870117,Risk 7 (calendar),7,calendar
2024-04-26,2024-04-29,calendar,104999.86500640304,453.52829806606576,0.0,0.45398228034641214,0.0,1,0.0021596613387950972,0.0,104999.41102412269,Risk 7 (calendar),7,calendar
2024-05-13,2024-05-14,calendar,106954.77183304647,312.89254897066445,406.5706638902513,0.7197764186156412,0.0,2,0.0033633993160397673,88.61758435716757,106954.05205662786,Risk 7 (calendar),7,calendar
2024-06-11,2024-06-12,calendar,107697.92840874851,354.0578152689674,625.2124440773858,0.9796246715738497,0.0,2,0.004546374632340677,153.7604500856902,107696.94878407693,Risk 7 (calendar),7,calendar
2024-06-25,2024-06-26,calendar,108692.34500383631,281.9685367478777,494.4108158927797,0.7766616034281928,0.0,2,0.0035714536870708555,129.55396578558629,108691.5683422329,Risk 7 (calendar),7,calendar
2024-07-09,2024-07-10,calendar,109267.1089574741,398.1131460389272,391.4226646527874,0.7899343223494112,0.0,2,0.0036128704155565954,104.70156179084927,109266.31902315175,Risk 7 (calendar),7,calendar
2024-07-23,2024-07-24,calendar,107724.48792053765,317.128551626481,0.0,0.3174459976241051,0.0,1,0.0014719427204908555,0.0,107724.17047454002,Risk 7 (calendar),7,calendar
2024-08-06,2024-08-07,calendar,107243.8614193334,1329.2482959746073,951.6676317926217,2.2822465066420783,0.0,4,0.010634249352737482,73.30398656595827,107241.57917282678,Risk 7 (calendar),7,calendar
2024-08-20,2024-08-21,calendar,109469.48362541088,502.53635107513895,503.5429333990036,1.006582323864608,0.0,3,0.004595249978143698,126.46017661602644,109468.47704308701,Risk 7 (calendar),7,calendar
2024-09-18,2024-09-19,calendar,109954.76247690406,0.0,275.33758136031867,0.27533758136031866,0.0,1,0.0012520493662934937,68.15501187623582,109954.4871393227,Risk 7 (calendar),7,calendar
2024-10-02,2024-10-03,re-optimisation,110771.77960682265,2815.2373747762927,2582.404186891095,5.400459617097594,0.0,2,0.024363793652254984,253.60709301746374,110766.37914720555,Risk 7 (calendar),7,calendar
2024-10-16,2024-10-17,calendar,112735.40266820377,841.9387329478395,891.049155931121,1.733830670393423,0.0,3,0.007686085505807741,256.0141742269873,112733.66883753336,Risk 7 (calendar),7,calendar
2024-10-30,2024-10-31,calendar,111683.45828207802,415.20257096415185,388.95902012397,0.8045772092772752,0.0,2,0.003600182173160583,121.20835243570087,111682.65370486875,Risk 7 (calendar),7,calendar
2024-11-13,2024-11-14,calendar,114157.38783918794,1656.181978334977,1901.9450803988832,3.5597848985520133,0.0,5,0.015584304818476351,605.0173310222738,114153.82805428939,Risk 7 (calendar),7,calendar
2024-11-27,2024-11-28,calendar,115115.9750244782,299.0610173277407,0.0,0.2993603777054461,0.0,1,0.001298955324246476,0.0,115115.67566410049,Risk 7 (calendar),7,calendar
2025-01-13,2025-01-14,calendar,116034.5616299955,356.15237536472847,356.8657499989764,0.7133746342479539,0.0,2,0.003072438570661977,112.09866752400717,116033.84825536126,Risk 7 (calendar),7,calendar
2025-01-27,2025-01-28,calendar,118011.58632539496,447.7129186472698,856.7031764356379,1.3048642561626347,0.0,3,0.005526644186809858,167.918558347096,118010.2814611388,Risk 7 (calendar),7,calendar
2025-02-10,2025-02-11,calendar,119334.46672662668,407.2777081386731,0.0,0.40768539353220534,0.0,1,0.0017064546367466134,0.0,119334.05904123315,Risk 7 (calendar),7,calendar
2025-03-10,2025-03-11,calendar,112562.51479024455,2681.2885166823626,2686.659148319854,5.370631637491388,0.0,5,0.02384429521233227,373.4029243031014,112557.14415860704,Risk 7 (calendar),7,calendar
2025-03-24,2025-03-25,calendar,114974.07420264832,0.0,405.6539165664021,0.4056539165664021,0.0,1,0.0017641103847960283,144.33611351626843,114973.66854873176,Risk 7 (calendar),7,calendar
2025-04-07,2025-04-08,calendar,108390.89468750314,3106.259488356686,2840.072278061478,5.949441135275378,0.0,6,0.02743003359997056,367.18648519774507,108384.94524636786,Risk 7 (calendar),7,calendar
2025-04-23,2025-04-24,calendar,110849.93079514225,1171.567616498105,1047.6614514144771,2.220401808269437,0.0,4,0.010010060682914901,206.8041665412988,110847.71039333397,Risk 7 (calendar),7,calendar
2025-05-08,2025-05-09,calendar,113541.85190942942,928.0630354952514,1035.022333066785,1.964014360589559,0.0,3,0.008644765500777455,233.05860049368277,113539.88789506884,Risk 7 (calendar),7,calendar
2025-05-22,2025-05-23,calendar,114138.2979238582,357.7709263240993,438.61136006250825,0.796740415441987,0.0,2,0.003488672517781346,101.66061665759338,114137.50118344276,Risk 7 (calendar),7,calendar
2025-06-06,2025-06-09,calendar,116202.67830338677,335.64192229482416,313.9845493936298,0.6499624495886489,0.0,2,0.0027952302011162865,80.10920788314806,116202.02834093718,Risk 7 (calendar),7,calendar
2025-07-04,2025-07-07,calendar,118260.85056364305,370.6503313833877,830.9852651571783,1.2020066178933022,0.0,2,0.00508044543402762,232.67895672389875,118259.64855702515,Risk 7 (calendar),7,calendar
2025-07-18,2025-07-21,calendar,120316.07889792022,983.8436331942798,473.07401890200185,1.4579024805579377,0.0,3,0.006054542607444739,140.78628668070291,120314.62099543966,Risk 7 (calendar),7,calendar
2025-08-01,2025-08-04,calendar,121127.45120498331,116.50547379775055,0.0,0.1166220958936442,0.0,1,0.00048092101599904463,0.0,121127.33458288743,Risk 7 (calendar),7,calendar
2025-09-15,2025-09-16,calendar,123437.4709805745,445.27812411315034,779.9872249850721,1.2257110729461835,0.0,3,0.004963101315041702,283.6271407964796,123436.24526950155,Risk 7 (calendar),7,calendar
2025-09-29,2025-09-30,re-optimisation,125505.48000681643,533.7676552451272,376.8014294148978,0.9111033866172273,0.0,2,0.0036276068766502084,126.36769903346541,125504.56890342981,Risk 7 (calendar),7,calendar
2025-10-13,2025-10-14,calendar,126920.59432907349,385.39779161344916,721.2928378877224,1.1070764130763602,0.0,2,0.004359775635117963,358.90908093495426,126919.4872526604,Risk 7 (calendar),7,calendar
2025-10-28,2025-10-29,calendar,130447.02212639812,1182.8877393798198,678.9644811465099,1.8630362923375205,0.0,4,0.007136430522431808,251.5609093086603,130445.1590901058,Risk 7 (calendar),7,calendar
2025-11-11,2025-11-12,calendar,131121.27902260268,4.603128181760988,0.0,0.004607735917678667,0.0,1,1.7552941124710587e-05,0.0,131121.27441486676,Risk 7 (calendar),7,calendar
2025-11-25,2025-11-26,calendar,129857.89192704961,377.2608758140365,378.7607799765843,0.7563992943049491,0.0,2,0.0029109576806288055,181.5801484168206,129857.13552775531,Risk 7 (calendar),7,calendar
2025-12-23,2025-12-24,calendar,130261.47168948912,0.7427613633745945,0.0,0.0007435048682428373,0.0,1,2.851040118543849e-06,0.0,130261.47094598426,Risk 7 (calendar),7,calendar
2026-01-09,2026-01-12,calendar,132120.61898234134,355.90105754076717,357.35147669089025,0.713608791546513,0.0,3,0.0026992476258644667,114.2475790620932,132119.90537354982,Risk 7 (calendar),7,calendar
2026-01-23,2026-01-26,calendar,131522.42028600743,949.3676528145502,959.8754947376564,1.910193465522992,0.0,2,0.007258242143812379,535.3528725352174,131520.51009254187,Risk 7 (calendar),7,calendar
2026-02-06,2026-02-09,calendar,132547.39628743796,539.5344937411116,550.1422832743071,1.0902168515837283,0.0,2,0.0041105174735095555,210.3863242650658,132546.30607058638,Risk 7 (calendar),7,calendar
2026-02-20,2026-02-23,calendar,133262.48783318952,0.0,347.59107609028194,0.34759107609028195,0.0,1,0.0013041594890730874,118.45974794316876,133262.14024211344,Risk 7 (calendar),7,calendar
2026-03-06,2026-03-09,calendar,130897.08925946761,585.1629739262249,333.97935308131207,0.9197280757301859,0.0,2,0.0035109349344873103,111.64062630851114,130896.16953139188,Risk 7 (calendar),7,calendar
2026-03-20,2026-03-23,calendar,127822.68560222362,0.0,502.55622150775474,0.5025562215077547,0.0,1,0.0019658334478735605,59.58159275847089,127822.18304600212,Risk 7 (calendar),7,calendar
2026-04-07,2026-04-08,calendar,131723.172776177,615.4297870446895,0.0,0.6160458328775671,0.0,1,0.0023360725910027353,0.0,131722.5567303441,Risk 7 (calendar),7,calendar
2026-04-21,2026-04-22,calendar,134661.93041170578,1379.119907733946,1387.8905078224614,2.7683909159645497,0.0,4,0.010273914858849667,505.90919263441754,134659.16202078984,Risk 7 (calendar),7,calendar
2026-05-06,2026-05-07,calendar,136353.6934654396,844.4094955785808,877.7895497087546,1.7230443000376643,0.0,3,0.006315190302211529,334.90036220236686,136351.97042113956,Risk 7 (calendar),7,calendar
2026-05-20,2026-05-21,calendar,137490.41542573067,507.1036132368428,863.0300374691789,1.370641261930483,0.0,2,0.004982651505064868,339.67499699236,137489.04478446872,Risk 7 (calendar),7,calendar
2026-06-04,2026-06-05,calendar,138330.98644478645,816.91137974865,618.263525895355,1.4359926347528627,0.0,3,0.005187467184790307,248.74142783535865,138329.5504521517,Risk 7 (calendar),7,calendar
2026-06-18,2026-06-19,calendar,139630.21205323137,643.982807783631,452.9492289627681,1.0975766641816178,0.0,3,0.003927989582685066,158.30249287959634,139629.11447656716,Risk 7 (calendar),7,calendar
2026-07-30,2026-07-31,calendar,138033.90407070905,671.5483320326398,672.8934460312563,1.3451139986164813,0.0,2,0.004869969400326438,273.1415697454706,138032.55895671042,Risk 7 (calendar),7,calendar
2026-08-13,2026-08-14,calendar,141411.25493848894,772.7242336965161,1040.040441148685,1.813538172576629,0.0,3,0.006409548786034455,430.3412365539417,141409.44140031637,Risk 7 (calendar),7,calendar
2026-08-27,2026-08-28,calendar,141638.8777631473,265.23716661031267,0.0,0.26550266927959226,0.0,1,0.0009363148409501312,0.0,141638.61226047802,Risk 7 (calendar),7,calendar
2021-09-27,2021-09-28,initial,100000.0,99900.0,0.0,100.0,0.0,5,0.4995,0.0,99900.0,Risk 10 (bands),10,bands
2022-10-10,2022-10-11,re-optimisation,99864.52154988926,72875.28811096796,73021.25760492019,145.96949395223547,0.0,6,0.7304723612128993,353.7921327912487,99718.552055937,Risk 10 (bands),10,bands
2023-10-06,2023-10-09,re-optimisation,108993.96935121412,9739.870506081326,9759.379505713256,19.50899963192079,0.0,5,0.08945105003452823,63.535347039274825,108974.46035158221,Risk 10 (bands),10,bands
2024-10-02,2024-10-03,re-optimisation,133744.61881977232,5013.862898583103,5202.211203327277,10.221092983690744,0.0,5,0.038192467824358076,1245.9007509295234,133734.39772678865,Risk 10 (bands),10,bands
2025-04-07,2025-04-08,1 holding(s) outside tolerance band: SGLN.L,127868.05617883087,1758.4883309109061,1592.0568464232986,3.352305425913695,0.0,3,0.013101572345200405,706.1676447428174,127864.70387340496,Risk 10 (bands),10,bands
2025-09-29,2025-09-30,re-optimisation,155809.16939521968,7243.401167758059,7466.595103720155,14.717246923297793,0.0,3,0.04720516876052844,2704.224510526744,155794.4521482964,Risk 10 (bands),10,bands
2021-09-27,2021-09-28,initial,100000.0,99900.0,0.0,100.0,0.0,5,0.4995,0.0,99900.0,Risk 10 (calendar),10,calendar
2021-11-08,2021-11-09,calendar,106393.79287440167,352.1775322175515,697.5264331587989,1.0500564954386302,0.0,2,0.004933107172029907,47.167875372817775,106392.74281790623,Risk 10 (calendar),10,calendar
2021-11-22,2021-11-23,calendar,106640.39571996957,701.8193496150884,571.3905339633293,1.2739124054499043,0.0,3,0.005969641593049693,44.03881066166889,106639.12180756414,Risk 10 (calendar),10,calendar
2021-12-20,2021-12-21,calendar,106261.88915404315,212.3835202722092,0.0,0.2125961163885978,0.0,1,0.0009993400360327033,0.0,106261.67655792677,Risk 10 (calendar),10,calendar
2022-01-06,2022-01-07,calendar,105888.99200104532,0.0,404.61090765463797,0.404610907654638,0.0,1,0.0019105428241806461,25.018839230957326,105888.58739013768,Risk 10 (calendar),10,calendar
2022-01-20,2022-01-21,calendar,103099.69957861035,1110.9998075968388,708.6142370063781,1.8207261565227333,0.0,3,0.008824536114267806,25.303800037212795,103097.87885245382,Risk 10 (calendar),10,calendar
2022-02-17,2022-02-18,calendar,100787.10762060128,319.87338564232226,320.86838302743956,0.6410619622489833,0.0,2,0.0031786891389012917,24.41947660131325,100786.46655863903,Risk 10 (calendar),10,calendar
2022-03-03,2022-03-04,calendar,99694.06322179013,924.3041553376258,946.0958242991409,1.8713252090214891,0.0,2,0.009380698906191002,11.025224103465575,99692.19189658109,Risk 10 (calendar),10,calendar
2022-03-17,2022-03-18,calendar,103858.11145087045,522.1023200091404,503.78536217996236,1.026410307134057,0.0,2,0.004938890510609725,-14.056186446246954,103857.08504056331,Risk 10 (calendar),10,calendar
2022-03-31,2022-04-01,calendar,106264.94011339286,321.9446247812161,563.9956977790588,0.8862625894519478,0.0,2,0.004168544778809024,39.940850404304,106264.05385080342,Risk 10 (calendar),10,calendar
2022-04-14,2022-04-19,calendar,105251.01479343684,241.85362572599294,0.0,0.24209572144744038,0.0,1,0.0011489372629833981,0.0,105250.7726977154,Risk 10 (calendar),10,calendar
2022-05-03,2022-05-04,calendar,102993.99661300913,280.24502643760593,280.80635834794344,0.5613319103375389,0.0,2,0.0027237091638149086,38.72471005507896,102993.43528109878,Risk 10 (calendar),10,calendar
2022-05-17,2022-05-18,calendar,100177.14804061159,381.83624317952575,382.6010627038708,0.7648195243450377,0.0,2,0.003815427574228283,28.517635842471293,100176.38322108725,Risk 10 (calendar),10,calendar
2022-05-31,2022-06-01,calendar,102394.08935287969,328.08185567185143,328.739004942732,0.6571492708805213,0.0,2,0.0032073182386094007,-13.814737886497369,102393.43220360881,Risk 10 (calendar),10,calendar
2022-06-16,2022-06-17,calendar,95269.83086767039,817.3650106662062,931.2300260863129,1.749413219946379,0.0,3,0.009177065923321069,33.43927539329786,95268.08145445045,Risk 10 (calendar),10,calendar
2022-06-30,2022-07-01,calendar,98561.21922914813,356.9103060585022,571.7938933261546,0.929061466958289,0.0,2,0.004711306366987419,-10.741610026288754,98560.29016768117,Risk 10 (calendar),10,calendar
2022-07-14,2022-07-15,calendar,100468.03469269528,664.2529731739294,799.7247476219225,1.4646426386869167,0.0,3,0.007285788585761463,12.286665049136786,100466.5700500566,Risk 10 (calendar),10,calendar
2022-07-28,2022-07-29,calendar,103831.26379247529,489.95101458518303,408.9500143241146,0.8993914703653388,0.0,2,0.004328662659379291,20.576718564915325,103830.36440100493,Risk 10 (calendar),10,calendar
2022-08-11,2022-08-12,calendar,107347.99820204433,322.1590831216081,404.2649584909659,0.7267465231772603,0.0,2,0.003383500641741543,35.34164482389332,107347.27145552114,Risk 10 (calendar),10,calendar
2022-08-25,2022-08-26,calendar,106826.91296354079,650.2819659476902,370.4304923865834,1.0213633912331201,0.0,2,0.004777412498490128,31.606543825222786,106825.89160014957,Risk 10 (calendar),10,calendar
2022-09-09,2022-09-12,calendar,107832.28385357239,178.50447681259507,0.0,0.17868315997256765,0.0,1,0.0008276949649651763,0.0,107832.10517041241,Risk 10 (calendar),10,calendar
2022-09-26,2022-09-27,calendar,104194.99554140583,284.21532662603863,360.09415752579764,0.6445939839782887,0.0,2,0.0030918446745160397,49.15692095187478,104194.35094742186,Risk 10 (calendar),10,calendar
2022-10-10,2022-10-11,re-optimisation,99955.22206879784,72142.60552015287,72211.79790147906,144.42661824197242,0.0,5,0.7220953564700938,64.00786478406735,99810.79545055586,Risk 10 (calendar),10,calendar
2022-10-24,2022-10-25,calendar,101474.26677172967,896.719640382337,898.6636979345155,1.7962809555744923,0.0,4,0.008846495744362646,25.710222950566646,101472.4704907741,Risk 10 (calendar),10,calendar
2022-11-07,2022-11-08,calendar,102509.34449111948,1019.3299118440473,1021.9427974636897,2.042293059569843,0.0,4,0.009956520156484735,-21.679226051754426,102507.30219805992,Risk 10 (calendar),10,calendar
2022-12-05,2022-12-06,calendar,101133.01131358965,302.6461434697057,302.5332566622495,0.6054823492245175,0.0,2,0.0029919973323815916,29.038830992805686,101132.40583124042,Risk 10 (calendar),10,calendar
2022-12-19,2022-12-20,calendar,99257.30520816642,365.5044741079936,372.8235878718955,0.7386939323243416,0.0,2,0.0037192630831123096,8.493197457861584,99256.5665142341,Risk 10 (calendar),10,calendar
2023-01-05,2023-01-06,calendar,102047.30627891181,917.6236247857237,915.5012907118662,1.8340434576645426,0.0,3,0.008981740833449159,-0.3230455212773222,102045.47223545416,Risk 10 (calendar),10,calendar
2023-01-19,2023-01-20,calendar,101907.40117505984,418.58757517973356,417.6809738409468,0.8366875556024419,0.0,2,0.004103080538694688,53.14411499611208,101906.56448750423,Risk 10 (calendar),10,calendar
2023-02-02,2023-02-03,calendar,108324.01135610699,821.4468885651769,924.7395346557895,1.7470086923786892,0.0,3,0.008060015509767777,57.59827386954953,108322.2643474146,Risk 10 (calendar),10,calendar
2023-03-02,2023-03-03,calendar,106155.79328762788,515.9875442539872,435.86227375495514,0.9523663220572446,0.0,2,0.0044832683574315925,62.646941557518346,106154.84092130582,Risk 10 (calendar),10,calendar
2023-03-16,2023-03-17,calendar,101905.3287204831,515.5051153446674,495.16755004838586,1.0111886865295343,0.0,3,0.0049588803553405674,-1.0674974981494643,101904.31753179658,Risk 10 (calendar),10,calendar
2023-06-01,2023-06-02,calendar,107583.2678149055,462.5027959393224,518.9667600806947,0.9819325217817182,0.0,2,0.004561441458111369,31.422595161184574,107582.28588238373,Risk 10 (calendar),10,calendar
2023-06-15,2023-06-16,calendar,108086.31188867071,55.42654958797095,0.0,0.05548203161959055,0.0,1,0.0002563994858343418,0.0,108086.25640663909,Risk 10 (calendar),10,calendar
2023-06-29,2023-06-30,calendar,108547.02525509395,683.449787613385,861.690651463797,1.545824572998717,0.0,3,0.007117378092333631,68.2059169876776,108545.47943052094,Risk 10 (calendar),10,calendar
2023-08-24,2023-08-25,calendar,108145.19047671552,0.0,338.01407030730115,0.33801407030730113,0.0,1,0.0015627790233541552,26.683617457601372,108144.8524626452,Risk 10 (calendar),10,calendar
2023-09-22,2023-09-25,calendar,110548.59648865969,467.351927931998,0.0,0.46781974767967766,0.0,1,0.0021137849903862865,0.0,110548.12866891202,Risk 10 (calendar),10,calendar
2023-10-06,2023-10-09,re-optimisation,109231.04205368446,10097.350419976488,10070.97750752714,20.178435385381484,0.0,4,0.09231958035148732,12.18827385692299,109210.86361829909,Risk 10 (calendar),10,calendar
2023-10-20,2023-10-23,calendar,107867.43761636502,288.787473739028,426.8789505074107,0.715955500796728,0.0,2,0.0033173422863336005,77.6055948625987,107866.72166086422,Risk 10 (calendar),10,calendar
2023-11-17,2023-11-20,calendar,112741.89978572159,364.40940302487786,456.0819073719988,0.8208560845740787,0.0,2,0.0036388038163110204,28.160740232329715,112741.078929637,Risk 10 (calendar),10,calendar
2023-12-15,2023-12-18,calendar,115945.32608119088,353.301993306625,389.62679377362366,0.7432824427292042,0.0,2,0.0032037892866850523,56.63894220589441,115944.58279874816,Risk 10 (calendar),10,calendar
2024-01-17,2024-01-18,calendar,115677.79057312178,336.65194011502103,617.7992620705251,0.9547881911145901,0.0,2,0.0041254729946723105,91.22652051932732,115676.83578493065,Risk 10 (calendar),10,calendar
2024-02-14,2024-02-15,calendar,121504.55505719178,1350.5034246554355,812.3354223276343,2.1641907022630056,0.0,4,0.008900237715224045,159.98998833895564,121502.39086648951,Risk 10 (calendar),10,calendar
2024-03-13,2024-03-14,calendar,124236.22057783062,384.8027412197991,381.9008016618824,0.7670887308108304,0.0,2,0.0030856683313275875,54.46708808188362,124235.45348909982,Risk 10 (calendar),10,calendar
2024-04-12,2024-04-15,calendar,127107.86765462921,914.3370804199112,916.1685012539178,1.8314208340065816,0.0,3,0.007200599048076167,256.40478119550664,127106.03623379521,Risk 10 (calendar),10,calendar
2024-04-26,2024-04-29,calendar,126417.98993949297,427.0951025404975,428.5414319960684,0.8560640571617315,0.0,2,0.003384156538741426,79.25882956052726,126417.1338754358,Risk 10 (calendar),10,calendar
2024-05-13,2024-05-14,calendar,129453.2908440982,0.0,480.77295252009776,0.4807729525200977,0.0,1,0.0018569360013377223,81.32955714446314,129452.8100711457,Risk 10 (calendar),10,calendar
2024-06-11,2024-06-12,calendar,130550.34749212035,445.23086840633187,674.997726557577,1.1206742715088602,0.0,2,0.004290408323239135,165.63705127031176,130549.22681784883,Risk 10 (calendar),10,calendar
2024-06-25,2024-06-26,calendar,132227.22163104216,663.5070252318811,564.841827483025,1.2290130239113344,0.0,2,0.004644841045448293,147.70875817895313,132225.99261801827,Risk 10 (calendar),10,calendar
2024-07-09,2024-07-10,calendar,133137.4672654414,485.0208411239329,467.26900141613936,0.9527753488875437,0.0,2,0.0035763405377145056,124.74272989174648,133136.5144900925,Risk 10 (calendar),10,calendar
2024-08-06,2024-08-07,calendar,128739.89638399443,1180.9093614475003,746.1094338878554,1.9282008867882563,0.0,4,0.007484155453984551,165.0874901721884,128737.96818310762,Risk 10 (calendar),10,calendar
2024-09-04,2024-09-05,calendar,129399.53887319512,154.04747289527148,0.0,0.15420167456984132,0.0,1,0.0005952396516892926,0.0,129399.38467152056,Risk 10 (calendar),10,calendar
2024-10-02,2024-10-03,re-optimisation,134139.1821609871,3232.9010311175293,3258.6796947720927,6.494816863057908,0.0,3,0.024197183184323998,596.1824313914635,134132.68734412405,Risk 10 (calendar),10,calendar
2024-10-16,2024-10-17,calendar,137664.18540137625,1025.8951698263297,1014.1638573748266,2.0410859492930746,0.0,3,0.007409548900656778,294.47034955781385,137662.14431542694,Risk 10 (calendar),10,calendar
2024-10-30,2024-10-31,calendar,135894.90730800846,767.5332707067543,763.55367756589,1.5318552498449232,0.0,4,0.005633349249808184,241.07072528131977,135893.3754527586,Risk 10 (calendar),10,calendar
2024-11-13,2024-11-14,calendar,140359.49757447513,2095.1866793739514,2243.695820709956,4.340979784047245,0.0,4,0.015456319576028993,720.255742383398,140355.1565946911,Risk 10 (calendar),10,calendar
2024-11-27,2024-11-28,calendar,141656.5507713299,0.0,382.7120237832546,0.3827120237832546,0.0,1,0.0013508447780895437,61.01219921041519,141656.16805930613,Risk 10 (calendar),10,calendar
2024-12-11,2024-12-12,calendar,143195.26679421274,525.9709758381173,0.0,0.5264974733114287,0.0,1,0.001836551541169287,0.0,143194.74029673942,Risk 10 (calendar),10,calendar
2025-01-13,2025-01-14,calendar,143439.4097242353,0.0,406.735234171474,0.40673523417147406,0.0,1,0.0014177945759586902,139.7144187061391,143439.00298900114,Risk 10 (calendar),10,calendar
2025-01-27,2025-01-28,calendar,146432.42679290753,907.0263745094903,826.1092195818389,1.7340435284001476,0.0,2,0.005917868166394664,122.9773813962023,146430.69274937912,Risk 10 (calendar),10,calendar
2025-02-24,2025-02-25,calendar,144447.25446503673,850.2022464298467,529.4867412107121,1.3805400409402884,0.0,2,0.004775753588222443,95.18803227573324,144445.8739249958,Risk 10 (calendar),10,calendar
2025-03-10,2025-03-11,calendar,136227.89074217054,2755.5984376959304,2768.5214471688196,5.52687824165924,0.0,4,0.020275289644320647,570.2888991618736,136222.36386392888,Risk 10 (calendar),10,calendar
2025-04-07,2025-04-08,calendar,128369.10125273078,947.4975011343258,969.2850488991061,1.9177309959805133,0.0,3,0.007465903131391818,376.9756258629161,128367.1835217348,Risk 10 (calendar),10,calendar
2025-04-23,2025-04-24,calendar,132142.5967337199,1264.0214912266467,1240.4186517451683,2.5057054297498196,0.0,3,0.009476278674992683,208.42706799024876,132140.09102829016,Risk 10 (calendar),10,calendar
2025-05-08,2025-05-09,calendar,136833.43172396204,388.4431688474705,696.7418510896582,1.085573851937977,0.0,2,0.003965350449319663,162.22348615048588,136832.3461501101,Risk 10 (calendar),10,calendar
2025-05-22,2025-05-23,calendar,138033.17155409025,309.64181493352737,0.0,0.3099517667002276,0.0,1,0.0011216210257553557,0.0,138032.86160232357,Risk 10 (calendar),10,calendar
2025-06-06,2025-06-09,calendar,141532.1670709217,0.0,376.88359724737325,0.37688359724737325,0.0,1,0.001331441484459561,98.93189101346451,141531.79018732446,Risk 10 (calendar),10,calendar
2025-06-20,2025-06-23,calendar,141302.90254440863,376.1302069364757,0.0,0.37650671365012583,0.0,1,0.0013309358837065135,0.0,141302.52603769497,Risk 10 (calendar),10,calendar
2025-07-04,2025-07-07,calendar,144841.94171534525,444.16847801592974,983.9545998412505,1.4285676909482872,0.0,2,0.004929936249625263,282.513076135133,144840.5131476543,Risk 10 (calendar),10,calendar
2025-07-18,2025-07-21,calendar,148253.84913621013,374.8015585494644,0.0,0.37517673528474915,0.0,1,0.0012640533811877986,0.0,148253.47395947485,Risk 10 (calendar),10,calendar
2025-08-01,2025-08-04,calendar,149521.24658210733,575.6508419251165,575.515109786238,1.1517421787803486,0.0,2,0.0038495062675899007,180.47934042947924,149520.09483992858,Risk 10 (calendar),10,calendar
2025-08-15,2025-08-18,calendar,150349.01724597267,0.0,469.7081934450377,0.4697081934450377,0.0,1,0.0015620594070016095,98.44004397821993,150348.54753777923,Risk 10 (calendar),10,calendar
2025-09-29,2025-09-30,re-optimisation,156495.524742752,7778.034985811287,7161.85082766201,14.947671634279914,0.0,4,0.04773262953695176,2521.084121966104,156480.5770711177,Risk 10 (calendar),10,calendar
2025-10-13,2025-10-14,calendar,158473.6195090756,515.1635782705745,522.9442369791602,1.0386234945072628,0.0,2,0.003275333202035824,263.15481051078956,158472.5808855811,Risk 10 (calendar),10,calendar
2025-10-28,2025-10-29,calendar,164709.29121090405,489.3623064170106,622.4566000246829,1.112308758600269,0.0,2,0.0033750946843006295,233.39381732335625,164708.17890214545,Risk 10 (calendar),10,calendar
2025-11-11,2025-11-12,calendar,165915.76450429144,138.5852960430874,0.0,0.13872402006315054,0.0,1,0.00041763751761968003,0.0,165915.62578027137,Risk 10 (calendar),10,calendar
2025-11-25,2025-11-26,calendar,163482.0225170638,0.0,515.5884925462539,0.5155884925462538,0.0,1,0.0015768966049231443,247.74947538710933,163481.50692857124,Risk 10 (calendar),10,calendar
2025-12-23,2025-12-24,calendar,164172.93924392594,514.5578311496539,0.0,0.5150729040537075,0.0,1,0.0015671213341229484,0.0,164172.42417102188,Risk 10 (calendar),10,calendar
2026-01-09,2026-01-12,calendar,167425.4454515692,1054.1875968481854,1058.4141674154062,2.1136570071032796,0.0,3,0.0063090821068614075,289.51898237015934,167423.3317945621,Risk 10 (calendar),10,calendar
2026-01-23,2026-01-26,calendar,166122.4442185921,1136.2514403487482,1147.583352093515,2.284972181271441,0.0,2,0.006873950125116992,641.127182864474,166120.15924641085,Risk 10 (calendar),10,calendar
2026-02-06,2026-02-09,calendar,167935.02661790443,783.2031747176293,775.1324893533811,1.5591196512328898,0.0,2,0.00463969814831014,215.73043988463326,167933.4674982532,Risk 10 (calendar),10,calendar
2026-02-20,2026-02-23,calendar,168965.93853836125,1033.574369114093,1034.1130430270807,2.068722021119266,0.0,3,0.006118651575659835,315.39881260878457,168963.86981634016,Risk 10 (calendar),10,calendar
2026-03-06,2026-03-09,calendar,164664.03132677203,1378.1781673832984,1380.9386637721789,2.760496388880586,0.0,3,0.008378019197404662,462.5839166224707,164661.27083038315,Risk 10 (calendar),10,calendar
2026-03-20,2026-03-23,calendar,159906.32831815272,424.8718518106897,465.8374694030111,0.8911346183626605,0.0,2,0.0027850971583861534,149.76584706212145,159905.43718353438,Risk 10 (calendar),10,calendar
2026-04-07,2026-04-08,calendar,166773.87941299364,1175.4502322174192,1379.3957173143779,2.5560225763908733,0.0,3,0.00765961060126525,396.42595964356184,166771.32339041727,Risk 10 (calendar),10,calendar
2026-04-21,2026-04-22,calendar,171634.77088874567,1398.1023934568832,1164.2371627175016,2.563739058069737,0.0,3,0.007464511832032284,424.7217840194887,171632.2071496876,Risk 10 (calendar),10,calendar
2026-05-06,2026-05-07,calendar,174447.4754574723,686.7424621257103,985.8263797626685,1.6732562717803965,0.0,2,0.004793903831231213,376.3978203463249,174445.8022012005,Risk 10 (calendar),10,calendar
2026-05-20,2026-05-21,calendar,176841.8122941945,1087.1078578483452,1087.5893956463613,2.175785449548609,0.0,3,0.00614870777810418,428.35926039800586,176839.63650874494,Risk 10 (calendar),10,calendar
2026-06-04,2026-06-05,calendar,178160.5284608796,838.0535171355588,748.95317980495,1.5878455893500538,0.0,2,0.004453867280958877,301.52529152247064,178158.94061529025,Risk 10 (calendar),10,calendar
2026-06-18,2026-06-19,calendar,180395.53632402077,642.0363777459872,572.282961970591,1.214962018773381,0.0,2,0.0033657133775623366,179.32870949927724,180394.321362002,Risk 10 (calendar),10,calendar
2026-07-02,2026-07-03,calendar,180446.83084930593,768.9939068949949,789.8552357473907,1.5596189063129513,0.0,2,0.004319414021585688,222.02579389929303,180445.2712303996,Risk 10 (calendar),10,calendar
2026-07-16,2026-07-17,calendar,177681.6278838736,530.7627634911777,727.936121886696,1.2592301794354224,0.0,2,0.003542006284973128,287.9034188678419,177680.3686536942,Risk 10 (calendar),10,calendar
2026-07-30,2026-07-31,calendar,178278.63805534868,1269.5996591718256,917.4773401829523,2.1883478698844794,0.0,2,0.006133872861076531,270.0904411208859,178276.44970747878,Risk 10 (calendar),10,calendar
2026-08-13,2026-08-14,calendar,183803.205093088,1223.8183746644243,1490.4620769029916,2.7155054949854986,0.0,3,0.0073836591973267165,594.2556278041907,183800.489587593,Risk 10 (calendar),10,calendar
2026-08-27,2026-08-28,calendar,184089.4498089903,758.0324566983724,495.35840961234913,1.2541496575586677,0.0,2,0.0034042984744949525,195.92848089238134,184088.19565933276,Risk 10 (calendar),10,calendar
2026-09-11,2026-09-14,calendar,180937.8216424115,530.7920723320057,705.3563218811998,1.2366797176089332,0.0,2,0.0034159480394768235,281.63177580899963,180936.5849626939,Risk 10 (calendar),10,calendar
2021-09-27,2021-09-28,initial,100000.0,99900.0,0.0,100.0,0.0,1,0.4995,0.0,99900.0,VWRL 100%,,bands
2021-09-27,2021-09-28,initial,100000.0,99900.0,0.0,100.0,0.0,2,0.4995,0.0,99900.0,VWRL/AGBP 60/40,,bands
2022-08-25,2022-08-26,portfolio drift 3.2% exceeds 3%,98286.8406077601,3153.4714611819986,3159.7878771484184,6.316415966419688,0.0,2,0.03211650358935214,96.269970848497,98280.52419179367,VWRL/AGBP 60/40,,bands
2022-10-10,2022-10-11,re-optimisation,92274.75221050729,328.6006797000146,329.89806722874215,0.6588276765380661,0.0,2,0.0035681415075844215,-49.77128134199677,92274.09338283075,VWRL/AGBP 60/40,,bands
2023-10-06,2023-10-09,re-optimisation,97751.07398401453,1551.1591064695137,1559.3119641834016,3.112023782471203,0.0,2,0.015910163151565876,74.46499680281863,97747.96196023206,VWRL/AGBP 60/40,,bands
2024-10-02,2024-10-03,re-optimisation,114566.64152637843,2443.05564697124,2458.86849227927,4.904369640398629,0.0,2,0.021393330876867265,535.2072329948546,114561.73715673803,VWRL/AGBP 60/40,,bands
2025-09-29,2025-09-30,re-optimisation,126314.47233482287,3662.442718353247,3653.174131861051,7.3192829590414785,0.0,2,0.028957951986779192,1170.7634717068786,126307.15305186383,VWRL/AGBP 60/40,,bands
2026-06-04,2026-06-05,portfolio drift 3.3% exceeds 3%,138214.1337158326,4503.121181006001,4512.140950766584,9.019769760582403,0.0,2,0.03261338724702319,1847.751255093357,138205.113946072,VWRL/AGBP 60/40,,bands
2021-09-27,2021-09-28,initial,100000.0,99900.0,0.0,100.0,0.0,2,0.4995,0.0,99900.0,Two-fund 30%/70% (risk 3),3,bands
2022-09-09,2022-09-12,portfolio drift 3.1% exceeds 3%,93969.56997215627,2890.5713714547555,2912.758169904163,5.806223006195209,0.0,2,0.030878770345966672,106.21286359927626,93963.76374915006,Two-fund 30%/70% (risk 3),3,bands
2022-10-10,2022-10-11,re-optimisation,89381.03949556629,421.4538905031122,406.6890785691006,0.8285648448384823,0.0,2,0.004632654608549795,-62.653823638294284,89380.21093072146,Two-fund 30%/70% (risk 3),3,bands
2023-10-06,2023-10-09,re-optimisation,92438.24246018112,1311.671198274867,1318.3169319314852,2.6313011143888096,0.0,2,0.01422564979715647,63.42320138630157,92435.61115906674,Two-fund 30%/70% (risk 3),3,bands
2024-10-02,2024-10-03,re-optimisation,105193.73410517134,2020.3340997770786,2033.3050895575907,4.055661545790903,0.0,2,0.019267493562315663,443.1689215835097,105189.67844362555,Two-fund 30%/70% (risk 3),3,bands
2025-09-29,2025-09-30,re-optimisation,112101.01820340367,2952.827712124049,2945.011547726082,5.900795043345751,0.0,2,0.02630591298086469,944.5566767859375,112095.11740836033,Two-fund 30%/70% (risk 3),3,bands
2026-06-18,2026-06-19,portfolio drift 3.1% exceeds 3%,119175.22081971669,3750.8281156317043,3758.341039369404,7.512923737699438,0.0,2,0.03150474193943666,1590.8494738514041,119167.707895979,Two-fund 30%/70% (risk 3),3,bands
2021-09-27,2021-09-28,initial,100000.0,99900.0,0.0,100.0,0.0,2,0.4995,0.0,99900.0,Two-fund 50%/50% (risk 5),5,bands
2022-08-25,2022-08-26,portfolio drift 3.4% exceeds 3%,97046.31118774366,3284.866105397915,3291.4457053629353,6.579599965020508,0.0,2,0.03388233787700834,100.28121963385138,97039.73158777865,Two-fund 50%/50% (risk 5),5,bands
2022-10-10,2022-10-11,re-optimisation,91296.51393166278,340.6840455161207,342.0291408223525,0.6830542114090599,0.0,2,0.003738988253426069,-52.04720816246089,91295.83087745137,Two-fund 50%/50% (risk 5),5,bands
2023-10-06,2023-10-09,re-optimisation,95947.59172096169,1596.9608970455854,1605.349840183235,3.2039092966853224,0.0,2,0.016687811959584655,76.75236834934663,95944.387811665,Two-fund 50%/50% (risk 5),5,bands
2024-07-09,2024-07-10,portfolio drift 3.1% exceeds 3%,109070.14780568673,3411.340619491573,3416.2379781859036,6.830993353052342,0.0,2,0.031299025145913935,721.393849331801,109063.31681233371,Two-fund 50%/50% (risk 5),5,bands
2024-10-02,2024-10-03,re-optimisation,111449.19083029203,977.959887956151,976.0013878937622,1.954940214676696,0.0,2,0.00876615281498672,-25.44121630571533,111447.23589007734,Two-fund 50%/50% (risk 5),5,bands
2025-09-29,2025-09-30,re-optimisation,121512.98338057056,3700.9965820906023,3708.4096930670435,7.41311097644102,0.0,2,0.030488125914709376,1176.2399760503754,121505.57026959411,Two-fund 50%/50% (risk 5),5,bands
2026-06-04,2026-06-05,portfolio drift 3.5% exceeds 3%,131237.20999863726,4510.147466064616,4519.181309502312,9.03384343769512,0.0,2,0.034400795230486406,1837.6909707526615,131228.1761551996,Two-fund 50%/50% (risk 5),5,bands
2021-09-27,2021-09-28,initial,100000.0,99900.0,0.0,100.0,0.0,2,0.4995,0.0,99900.0,Two-fund 70%/30% (risk 7),7,bands
2022-10-10,2022-10-11,re-optimisation,93200.53593889368,2293.0813524871437,2297.6744036199802,4.59305113283634,0.0,2,0.024628376381424583,-94.49677959874953,93195.94288776083,Two-fund 70%/30% (risk 7),7,bands
2023-10-06,2023-10-09,re-optimisation,99514.87335804154,1396.5638034241586,1404.4817112098506,2.8024434763991986,0.0,2,0.014073501880247651,66.77113742062579,99512.07091456515,Two-fund 70%/30% (risk 7),7,bands
2024-10-02,2024-10-03,re-optimisation,117763.59131822143,2176.7895091183814,2190.8234368834965,4.369791914479474,0.0,2,0.018543986715723073,476.47917055011885,117759.22152630697,Two-fund 70%/30% (risk 7),7,bands
2025-09-29,2025-09-30,re-optimisation,131283.68241266612,3290.3403469221153,3282.13651726035,6.575770498163369,0.0,2,0.025031583298840948,1051.353958638162,131277.10664216796,Two-fund 70%/30% (risk 7),7,bands
2026-08-13,2026-08-14,portfolio drift 3.2% exceeds 3%,148750.0462755029,4820.426565205983,4830.081898921928,9.655333715944934,0.0,2,0.03243867382149923,2060.9448884485473,148740.39094178696,Two-fund 70%/30% (risk 7),7,bands
2021-09-27,2021-09-28,initial,100000.0,99900.0,0.0,100.0,0.0,1,0.4995,0.0,99900.0,Two-fund 100%/0% (risk 10),10,bands
