run,kind,risk,mode,start,end,start_value,end_value,total_return,cagr,volatility,sharpe,max_drawdown,total_costs_gbp,rebalance_costs_gbp,costs_bp_per_year,rebalance_costs_bp_per_year,n_rebalances,n_fills,turnover_per_year,n_decisions
Risk 3 (bands),strategy,3.0,bands,2021-09-27,2026-09-25,100000.0,111973.54596993605,0.1197354596993605,0.022904769550281312,0.0637005103218088,-0.12798630624324184,-0.23257195338584802,233.18837856392156,133.1883785639216,4.829607306738153,2.7584889532074,8,54,0.15943951006482288,5
Risk 3 (calendar),strategy,3.0,calendar,2021-09-27,2026-09-25,100000.0,111223.0898983932,0.11223089898393201,0.02152826553466003,0.06350134707132736,-0.14981875180746612,-0.23626242731466185,281.80262240266006,181.80262240266012,5.865190695931267,3.7838790864350815,87,215,0.20982344214479737,5
Risk 5 (bands),strategy,5.0,bands,2021-09-27,2026-09-25,100000.0,124517.78851987253,0.2451778851987252,0.04488807891779856,0.07763681303432247,0.1818074382530477,-0.22748238214434602,289.360896634479,189.36089663447905,5.700660185819132,3.7305736080808103,11,75,0.2120255849777669,5
Risk 5 (calendar),strategy,5.0,calendar,2021-09-27,2026-09-25,100000.0,124286.53391158761,0.24286533911587616,0.044499197733007145,0.0774713914447648,0.1772238707417563,-0.22918335053689176,356.3093692421535,256.30936924215354,7.026018863355528,5.054131658059916,103,279,0.28031640289868737,5
Risk 7 (bands),strategy,7.0,bands,2021-09-27,2026-09-25,100000.0,142181.6803972102,0.421816803972102,0.07301658998641347,0.0929575494639244,0.4517775912019297,-0.20725245164894956,292.59541286405835,192.59541286405835,5.376562099924187,3.5390206130991118,10,66,0.2093267308992819,5
Risk 7 (calendar),strategy,7.0,calendar,2021-09-27,2026-09-25,100000.0,141886.43452480424,0.4188643452480423,0.07257003705989873,0.09260420780715466,0.44865455213265815,-0.20946169851499286,368.63243941699693,268.63243941699693,6.779815037354992,4.940634782877804,105,272,0.28230028564988074,5
Risk 10 (bands),strategy,10.0,bands,2021-09-27,2026-09-25,100000.0,183723.52290453308,0.8372352290453309,0.1295309232102484,0.12238953318846423,0.788390589794805,-0.16309821730109375,293.7691389170585,193.7691389170585,4.575780288753495,3.018169334239515,5,27,0.18391110856350718,5
Risk 10 (calendar),strategy,10.0,calendar,2021-09-27,2026-09-25,100000.0,185110.76392878254,0.8511076392878254,0.13123364357957712,0.12245500232664279,0.8003382539869041,-0.1623591101745584,399.598636218902,299.598636218902,6.205210015698164,4.652349356709599,95,216,0.26390853325829344,5
VWRL 100%,benchmark,,bands,2021-09-27,2026-09-25,100000.0,176869.5797404903,0.7686957974049029,0.12096416017891465,0.1302068435226735,0.6901657653003329,-0.1747773045129376,100.0,0.0,1.6265906637383953,0.0,0,1,0.0,5
VWRL/AGBP 60/40,benchmark,,bands,2021-09-27,2026-09-25,100000.0,140822.9997730299,0.408229997730299,0.07095543109858049,0.08198487472751918,0.4770121918071215,-0.1337182330949992,131.33068978545145,31.33068978545147,2.375223050989012,0.5666411765853232,6,14,0.026945092911561185,5
Two-fund 30%/70% (risk 3),benchmark,3.0,bands,2021-09-27,2026-09-25,100000.0,118075.16835177137,0.18075168351771365,0.03383091997644305,0.052876096689407126,0.035022207866979065,-0.13212126549108094,126.73546929225859,26.735469292258593,2.481725340060443,0.5235321413297427,6,14,0.025394331297326975,5
Two-fund 50%/50% (risk 5),benchmark,5.0,bands,2021-09-27,2026-09-25,100000.0,132931.82431054523,0.3293182431054522,0.058659486562048446,0.07087046564331939,0.37688700217701665,-0.1299279653344868,135.69945145498008,35.699451454980064,2.5194242850084207,0.6628034527243122,7,16,0.03189193935629451,5
Two-fund 70%/30% (risk 7),benchmark,7.0,bands,2021-09-27,2026-09-25,100000.0,149229.8923273512,0.492298923273512,0.08346293097384039,0.09384425560249958,0.5515679423748548,-0.1374584738500748,127.99639073782332,27.996390737823315,2.2551102183360676,0.49325568061301606,5,12,0.022971526094406735,5
Two-fund 100%/0% (risk 10),benchmark,10.0,bands,2021-09-27,2026-09-25,100000.0,176869.5797404903,0.7686957974049029,0.12096416017891465,0.1302068435226735,0.6901657653003329,-0.1747773045129376,100.0,0.0,1.6265906637383953,0.0,0,1,0.0,5
